metadata.version,launch_id,round_id,question_id,n,n_rated,n_both,majority_dir,tie,has_minority,k_min,gai_pre,pre_mean,median_score,majority_bias,n_candidates,bias_initial,bias_revised,movement_sign,movement_mean,movement_gai
EVAL_COHORT1_ABLATION_IID_V1,00295a73bd9147c28322021c19c72a30,49e3bcc23d457120cda370205f2df7b6,S173968782,5,5,4,1,False,False,0,1.0,6.8,0.1469474881887436,1.0,8,1.0,1.0,0.25,0.25,0.0
EVAL_COHORT1_ABLATION_IID_V1,00295a73bd9147c28322021c19c72a30,6d6b0a8beed0c713ad35bf1c827a7f20,S173964173,5,5,4,-1,False,True,1,0.4,5.6,-0.03766893595457077,0.5,8,0.25,0.75,-0.75,-1.75,-0.75
EVAL_COHORT1_ABLATION_IID_V1,00295a73bd9147c28322021c19c72a30,abe5ca704bcae0c68d6f547c8c0f86fc,S173969028,4,4,4,1,False,False,0,1.0,6.5,0.073469752445817,0.875,8,1.0,0.75,0.5,0.5,0.0
EVAL_COHORT1_ABLATION_IID_V1,00f0fddde86a4c138aee07688086b7ad,63ad01f50671c50157763c57a76a6b0f,S173965133,5,5,5,-1,False,False,0,1.0,6.4,-0.07649193704128265,0.0,8,0.0,0.0,0.4,0.4,0.0
EVAL_COHORT1_ABLATION_IID_V1,00f0fddde86a4c138aee07688086b7ad,6c3abd065e6af21aa8ba2e388bf6da35,S173963520,5,5,5,1,False,True,2,0.2,4.0,0.09939465671777725,0.375,8,0.5,0.25,-0.2,-0.6,-0.8
EVAL_COHORT1_ABLATION_IID_V1,00f0fddde86a4c138aee07688086b7ad,ebbd8e9e24cac23f0587683e8b004b9b,S173965176,5,5,5,1,False,False,0,1.0,6.4,0.12127786129713058,0.125,8,0.25,0.0,-0.4,-1.0,-0.8
EVAL_COHORT1_ABLATION_IID_V1,0124f173636a466d8a07e96d1587513d,35c307e2ec3a6625b229369591591d8b,S173961616,4,4,4,-1,False,False,0,1.0,5.75,0.01009409874677658,0.75,8,0.5,1.0,0.75,0.75,0.0
EVAL_COHORT1_ABLATION_IID_V1,0124f173636a466d8a07e96d1587513d,57b62f47884578e0e606caa86181487f,S173968526,5,5,5,-1,False,True,1,0.6,5.4,0.04135216027498245,0.625,8,0.75,0.5,-0.4,-0.8,-0.39999999999999997
EVAL_COHORT1_ABLATION_IID_V1,0124f173636a466d8a07e96d1587513d,5b125299e228cc50cb34c42e3ed1bc2e,S173968579,5,5,5,1,True,True,2,0.0,4.0,0.08418118208646774,0.375,8,0.75,0.0,0.0,-0.2,-0.2
EVAL_COHORT1_ABLATION_IID_V1,0cee315fcf3b4df9aee49365bc95bea9,0e7d947947d676928c02c8b13412dd8f,S173964917,4,4,4,-1,False,True,1,0.25,4.0,-0.015003862790763378,0.375,8,0.5,0.25,0.0,-1.25,-0.75
EVAL_COHORT1_ABLATION_IID_V1,0cee315fcf3b4df9aee49365bc95bea9,df2d4e2fe9ba3fa9fae710b103827be3,S173965814,4,4,4,1,False,True,1,0.25,4.0,-0.016580894589424133,0.75,8,0.5,1.0,0.25,0.25,0.25
EVAL_COHORT1_ABLATION_IID_V1,0cee315fcf3b4df9aee49365bc95bea9,f714b85a4deaa98ff1bc65b9de032c55,S173962369,5,5,4,-1,False,True,2,0.2,4.2,0.1666065752506256,0.125,8,0.25,0.0,0.0,-0.5,-0.5
EVAL_COHORT1_ABLATION_IID_V1,0edc9e5c18c449079e16065c5919bec1,2f73b4f8a58fcfe8b698e72d4c82788e,S173962152,5,5,5,1,False,True,1,0.2,4.4,-0.018700897693634033,0.875,8,1.0,0.75,0.0,0.0,-0.2
EVAL_COHORT1_ABLATION_IID_V1,0edc9e5c18c449079e16065c5919bec1,3a0d0033071f8606e33a9211bb5dbad6,S173960993,5,5,5,1,False,True,1,0.6,5.6,0.09307537972927094,0.375,8,0.75,0.0,-0.4,-0.6,0.0
EVAL_COHORT1_ABLATION_IID_V1,0edc9e5c18c449079e16065c5919bec1,57783fd4f8207280aa53310bc8c93d04,S173967216,5,5,5,1,True,True,2,0.0,3.6,0.03379467874765396,0.625,8,0.75,0.5,-0.2,0.0,0.0
EVAL_COHORT1_ABLATION_IID_V1,0f32d4a561aa41ac98c470deda798c05,3e1655bf8cbc097857f059730904d4e3,S173967456,5,5,5,1,False,True,1,0.6,5.6,0.07802508026361465,0.875,8,0.75,1.0,0.2,0.6,0.4
EVAL_COHORT1_ABLATION_IID_V1,0f32d4a561aa41ac98c470deda798c05,7e1ea217b74af169ec72d1f69e6d1045,S173969675,4,4,4,1,False,False,0,1.0,7.0,0.13973086327314377,0.125,8,0.25,0.0,0.0,0.0,0.0
EVAL_COHORT1_ABLATION_IID_V1,0f32d4a561aa41ac98c470deda798c05,8f0a5ff38361cc059df737777ddc7e94,S173962115,5,5,5,1,False,True,1,0.2,4.4,0.002416582778096199,0.75,8,0.5,1.0,0.2,0.2,0.0
EVAL_COHORT1_ABLATION_IID_V1,10e90294082140368f32d61c517bf55b,0f7f957355d581ae15581c572a3e0007,S173970760,5,5,5,-1,False,True,1,0.2,4.4,-0.10171765089035034,1.0,8,1.0,1.0,0.2,0.2,0.0
EVAL_COHORT1_ABLATION_IID_V1,10e90294082140368f32d61c517bf55b,2f8b16957cdd138105aa16aaa49c87b1,S173964669,5,5,5,1,False,True,2,0.2,4.8,0.1036095917224884,0.75,8,0.5,1.0,0.6,0.8,0.2
EVAL_COHORT1_ABLATION_IID_V1,10e90294082140368f32d61c517bf55b,c09b5a846d350b15637519f81d2737d1,S173966317,5,5,5,-1,False,True,1,0.4,5.2,0.0002450607717037201,0.5,8,0.75,0.25,0.2,0.2,0.0
EVAL_COHORT1_ABLATION_IID_V1,15886eb098884bdfa498156ebd6b0684,081204b67d45bf503a5bd9c722f210c8,S173968022,5,5,5,-1,False,True,2,0.2,4.2,0.005770064890384674,0.375,8,0.25,0.5,0.4,0.6,0.0
EVAL_COHORT1_ABLATION_IID_V1,15886eb098884bdfa498156ebd6b0684,3626866ed4592605ef73e26ac5c0529d,S173967910,5,5,5,1,False,True,2,0.2,4.2,-0.011466993018984795,0.875,8,0.75,1.0,0.2,0.2,0.0
EVAL_COHORT1_ABLATION_IID_V1,15886eb098884bdfa498156ebd6b0684,d8703f8b6121d03ff684287bfefcc2a9,S173961555,5,5,5,1,False,True,1,0.6,4.6,0.0677759051322937,1.0,8,1.0,1.0,0.4,0.4,0.0
EVAL_COHORT1_ABLATION_IID_V1,15c8e0c341f346229bcedf5c1130ad93,44f328bf650e4117c7d2d6b70c7fac86,S173966113,5,5,5,-1,False,True,1,0.6,5.4,-0.06718126684427261,0.0,8,0.0,0.0,0.2,0.2,0.0
EVAL_COHORT1_ABLATION_IID_V1,15c8e0c341f346229bcedf5c1130ad93,a1cb3547ba79b135e26812576969702e,S173963004,5,5,5,-1,False,True,1,0.6,5.4,-0.014310529455542564,0.625,8,0.75,0.5,-0.4,-0.6,-0.39999999999999997
EVAL_COHORT1_ABLATION_IID_V1,15c8e0c341f346229bcedf5c1130ad93,e79bbfb5f619355eeeae9424f5ea9ee8,S173965047,5,5,5,1,False,False,0,0.8,5.2,0.1332683265209198,0.125,8,0.25,0.0,-0.2,-0.6,-0.20000000000000007
EVAL_COHORT1_ABLATION_IID_V1,171e1130356946159a15785b41b53880,50cf4d53538a01f53c3fc037111b2f96,S173961069,5,5,5,1,False,True,1,0.4,4.6,0.0850188285112381,0.25,8,0.5,0.0,-0.2,-0.8,-0.4
EVAL_COHORT1_ABLATION_IID_V1,171e1130356946159a15785b41b53880,c20912a8e5f334ca824adad9e6abc184,S173963520,5,5,5,1,False,True,1,0.6,4.6,0.13614551723003387,0.75,8,0.5,1.0,0.6,0.8,0.0
EVAL_COHORT1_ABLATION_IID_V1,171e1130356946159a15785b41b53880,cb3e7b17f2263e600bcc3a41c689479b,S173964095,5,5,5,-1,False,False,0,1.0,6.4,-0.026291374117136,0.5,8,0.5,0.5,0.4,0.4,0.0
EVAL_COHORT1_ABLATION_IID_V1,1e50e39ebe34436bb41eb68c94f38abf,5c2b741b34852c025466f90bbf30ee36,S173962935,5,5,5,1,False,False,0,0.8,5.8,0.031907640397548676,1.0,8,1.0,1.0,0.4,0.8,0.19999999999999996
EVAL_COHORT1_ABLATION_IID_V1,1e50e39ebe34436bb41eb68c94f38abf,afebed170a34afbb817465d901ba07df,S173960548,5,5,5,-1,False,True,2,0.2,4.8,-0.01577368564903736,0.25,8,0.5,0.0,-0.6,-0.4,0.0
EVAL_COHORT1_ABLATION_IID_V1,1e50e39ebe34436bb41eb68c94f38abf,d8f193c242b4628e3358638291be0d69,S173961061,5,5,5,1,True,True,2,0.0,4.0,0.07910285890102386,0.25,8,0.5,0.0,0.8,3.0,1.0
EVAL_COHORT1_ABLATION_IID_V1,22f46af97d5948199c1937706f927f9d,11ba1936c6d17c5c36d80017ed6e15db,S173962316,4,4,4,1,False,True,1,0.5,4.75,0.12389564141631126,0.75,8,0.5,1.0,0.75,1.0,0.25
EVAL_COHORT1_ABLATION_IID_V1,22f46af97d5948199c1937706f927f9d,39f858f3c7228cdb38f8e701e6fd8ccd,S173967034,4,4,4,1,False,False,0,1.0,6.0,0.1584657058119774,0.375,8,0.5,0.25,0.0,-0.25,0.0
EVAL_COHORT1_ABLATION_IID_V1,22f46af97d5948199c1937706f927f9d,ec383f5847773f23626ee364a2da7910,S173970404,4,4,4,-1,False,True,1,0.25,4.75,0.0010814843699336052,0.125,8,0.25,0.0,0.0,0.0,0.0
EVAL_COHORT1_ABLATION_IID_V1,253b59d030df45e18d3ef8c1a19f7856,49ac73812b1efcf21bae9ba283ac82f2,S173968790,5,5,5,1,False,False,0,1.0,6.2,0.05622733756899834,1.0,8,1.0,1.0,0.4,0.4,0.0
EVAL_COHORT1_ABLATION_IID_V1,253b59d030df45e18d3ef8c1a19f7856,737ced74d244f8a0aff4c6b81199336c,S173960482,5,5,5,1,False,True,2,0.2,4.2,0.09414525330066681,0.875,8,0.75,1.0,0.6,0.8,0.39999999999999997
EVAL_COHORT1_ABLATION_IID_V1,253b59d030df45e18d3ef8c1a19f7856,e1b422f6ad74bcddaa24e24e09f903f8,S173969432,5,5,5,1,False,False,0,0.8,5.4,0.10614947974681854,0.125,8,0.25,0.0,0.4,0.4,0.19999999999999996
EVAL_COHORT1_ABLATION_IID_V1,283280b320114e0a98aa1d59805e2d80,02d1e1334b0b0462dc0dd0931432690e,S173965806,5,5,5,-1,False,True,2,0.2,4.4,0.017220675945281982,0.25,8,0.25,0.25,-0.6,-1.2,-0.6000000000000001
EVAL_COHORT1_ABLATION_IID_V1,283280b320114e0a98aa1d59805e2d80,404c0b024f2c1922d531deccf3e3f2c5,S173969427,5,5,5,1,False,False,0,1.0,5.4,0.06954219937324524,0.5,8,0.25,0.75,0.6,0.8,0.0
EVAL_COHORT1_ABLATION_IID_V1,283280b320114e0a98aa1d59805e2d80,d29f9ac3acfa3db5d9425c42c7c960a2,S173960705,5,5,5,-1,False,True,1,0.6,4.8,0.10686863958835602,0.375,8,0.5,0.25,-0.6,-1.6,-1.2
EVAL_COHORT1_ABLATION_IID_V1,2bfc957d497f4009b453fc83f73152ed,2f07c3fe6dd0eba0a6ad708c4fc460b2,S173965556,5,5,5,1,False,True,1,0.6,5.4,0.0829850509762764,0.5,8,0.75,0.25,0.8,0.8,0.20000000000000007
EVAL_COHORT1_ABLATION_IID_V1,2bfc957d497f4009b453fc83f73152ed,40aee55b6548ea0670b1ea8fda6b1f57,S173961108,4,4,4,1,False,False,0,1.0,7.0,0.13992231339216232,0.125,8,0.25,0.0,0.0,0.0,0.0
EVAL_COHORT1_ABLATION_IID_V1,2bfc957d497f4009b453fc83f73152ed,d3e628a0db3df6116caa7cb3ca909c10,S173966321,5,5,5,1,True,False,0,0.0,4.0,-0.11551932990550995,0.875,8,0.75,1.0,0.0,0.4,0.0
EVAL_COHORT1_ABLATION_IID_V1,2d237ed12bd04765ac7a814904c15d47,0f41d6150aec39f2fb917f475b3390b4,S173965945,5,5,5,-1,False,False,0,1.0,6.8,-0.05768119916319847,0.125,8,0.25,0.0,0.0,0.0,0.0
EVAL_COHORT1_ABLATION_IID_V1,2d237ed12bd04765ac7a814904c15d47,18b7ce0644bbdce0a9479c78d0e13173,S173965746,5,5,5,1,False,False,0,0.6,5.2,0.15150028467178345,0.625,8,0.5,0.75,-0.2,-0.2,-0.19999999999999996
EVAL_COHORT1_ABLATION_IID_V1,2d237ed12bd04765ac7a814904c15d47,1a3bbc140945e2f12c3812d5ebacaa03,S173970681,5,5,5,-1,False,True,2,0.2,4.2,-0.012929997406899929,1.0,8,1.0,1.0,0.4,0.4,0.0
EVAL_COHORT1_ABLATION_IID_V1,2db53544368c47f3b6c42ff3c31f1b76,74513f596b16ab78b0fb58305e99b382,S173960982,4,4,4,-1,False,False,0,0.5,5.0,0.01652319449931383,0.75,8,1.0,0.5,0.25,0.5,0.0
EVAL_COHORT1_ABLATION_IID_V1,2db53544368c47f3b6c42ff3c31f1b76,89bf316fbbdef9864f5aa63cee02817e,S173969496,4,4,4,-1,False,True,1,0.25,4.25,0.18028343468904495,0.5,8,0.5,0.5,-0.25,-0.5,-0.25
EVAL_COHORT1_ABLATION_IID_V1,2db53544368c47f3b6c42ff3c31f1b76,df3c6688aff491ac770f63a6070f0ad2,S173964610,4,4,4,1,True,True,2,0.0,4.0,-0.029638451524078846,0.875,8,0.75,1.0,0.0,0.0,0.0
EVAL_COHORT1_ABLATION_IID_V1,2efd1e2b192d4363b79b3f957d218898,c39b20df21027a968cfd6b57c99f2e9f,S173960377,5,5,5,-1,False,True,2,0.2,4.8,-0.011553026735782623,0.625,8,0.5,0.75,0.0,0.0,0.0
EVAL_COHORT1_ABLATION_IID_V1,2efd1e2b192d4363b79b3f957d218898,ee55126a865af5f855a2b933c4803ccc,S173967910,5,5,5,1,False,False,0,1.0,6.4,0.07362767308950424,0.25,8,0.5,0.0,0.2,0.4,0.0
EVAL_COHORT1_ABLATION_IID_V1,2efd1e2b192d4363b79b3f957d218898,fbab79c221d3853be344c529172ff6ae,S173963798,5,5,5,1,False,False,0,0.8,5.4,0.060342151671648026,0.75,8,0.75,0.75,0.8,1.0,0.19999999999999996
EVAL_COHORT1_ABLATION_IID_V1,307f427bd04f4401a104e3f7342da132,30bf3f2483d26dffb1c30c2664b88e67,S173968790,5,5,5,1,False,False,0,0.4,4.6,0.03996816277503967,0.875,8,0.75,1.0,0.2,0.0,0.0
EVAL_COHORT1_ABLATION_IID_V1,307f427bd04f4401a104e3f7342da132,79ea044a2629e4ac78c9741c83dd216e,S173967997,5,5,5,-1,False,False,0,1.0,6.4,-0.08056729286909103,1.0,8,1.0,1.0,0.2,0.2,0.0
EVAL_COHORT1_ABLATION_IID_V1,307f427bd04f4401a104e3f7342da132,a0502f13874198d058559ba8a9dd011f,S173970681,5,5,5,-1,False,True,2,0.2,4.6,0.030105695128440857,0.375,8,0.75,0.0,-0.2,-0.4,-0.4
EVAL_COHORT1_ABLATION_IID_V1,3233284ee18a4339b6b21102949f1812,5a1435b61104d39241b94067d7ec88b2,S173963248,5,5,5,1,False,False,0,0.8,5.4,0.1008898913860321,0.125,8,0.25,0.0,0.4,-0.2,-0.20000000000000007
EVAL_COHORT1_ABLATION_IID_V1,3233284ee18a4339b6b21102949f1812,72b5588da21b66f869d895a4bd4ed0bb,S173969478,5,5,5,-1,False,True,1,0.2,4.2,-0.09995945543050766,0.125,8,0.25,0.0,1.0,2.0,0.8
EVAL_COHORT1_ABLATION_IID_V1,3233284ee18a4339b6b21102949f1812,e157e7b145a1f15780c635a906fc2001,S173961435,5,5,5,-1,False,True,1,0.4,5.4,-0.016602739691734314,0.5,8,0.5,0.5,0.4,0.8,0.6
EVAL_COHORT1_ABLATION_IID_V1,3254edd8cd7749e4998369895f582ca6,1bd25be26b7cac9ff6372199f9163439,S173960179,5,5,3,-1,False,False,0,0.8,5.8,-0.00548783503472805,0.625,8,0.5,0.75,-0.6666666666666666,-1.0,-0.33333333333333337
EVAL_COHORT1_ABLATION_IID_V1,3254edd8cd7749e4998369895f582ca6,80240bef16bf6a857ddfd5128e196820,S173966090,4,4,3,1,True,True,1,0.0,4.0,0.052012283354997635,1.0,8,1.0,1.0,0.6666666666666666,1.6666666666666667,0.6666666666666666
EVAL_COHORT1_ABLATION_IID_V1,3254edd8cd7749e4998369895f582ca6,a86f143f0d662fc0b3c3a32d1d67918a,S173968918,5,5,3,1,False,False,0,0.8,5.8,0.0728941261768341,0.125,8,0.25,0.0,0.0,-0.3333333333333333,0.33333333333333337
EVAL_COHORT1_ABLATION_IID_V1,326bbedda8c748698d82debe9961db5b,301f5f5c0542a555406b6e063984eab6,S173961792,5,5,5,1,False,True,1,0.2,4.2,0.04588880389928818,1.0,8,1.0,1.0,0.4,0.6,0.2
EVAL_COHORT1_ABLATION_IID_V1,326bbedda8c748698d82debe9961db5b,5b3a6c9103529460831e88dd8a125679,S173964407,5,5,5,-1,False,True,1,0.6,5.4,0.009518343955278397,0.625,8,0.25,1.0,-0.4,-0.8,-0.39999999999999997
EVAL_COHORT1_ABLATION_IID_V1,326bbedda8c748698d82debe9961db5b,dcb18b64fff57b9e12b6a6a669d11de7,S173963190,5,5,5,1,False,True,2,0.2,4.6,0.02295055240392685,0.75,8,1.0,0.5,-0.2,-0.2,0.0
EVAL_COHORT1_ABLATION_IID_V1,3362baf252264630be5f08f54436047c,5e4cbb3917867abe179e7eb58d7bc865,S173964380,5,5,4,1,False,True,1,0.6,5.2,0.11804080009460449,0.25,8,0.25,0.25,-0.5,-1.0,-0.5
EVAL_COHORT1_ABLATION_IID_V1,3362baf252264630be5f08f54436047c,c19f81a54d0a88a1a6b062839b58cbe9,S173963833,5,5,4,1,False,True,1,0.6,5.0,0.20948009192943573,0.0,8,0.0,0.0,0.0,-0.75,-0.75
EVAL_COHORT1_ABLATION_IID_V1,3362baf252264630be5f08f54436047c,eaa4cb7f7ca2505a80d4e837be51946b,S173965483,5,5,4,1,False,True,1,0.4,4.4,0.12254545092582703,0.125,8,0.25,0.0,0.0,0.5,0.0
EVAL_COHORT1_ABLATION_IID_V1,340b4aed264f40d19ee442f75bf8f27d,8a5410a0aa61d2c31018424de3da22cf,S173963284,5,5,5,1,False,False,0,1.0,6.8,0.18129009008407593,0.125,8,0.0,0.25,0.2,0.2,0.0
EVAL_COHORT1_ABLATION_IID_V1,340b4aed264f40d19ee442f75bf8f27d,e873e53fcce6c9bb5c245037035c942a,S173969048,5,5,5,1,False,False,0,1.0,6.2,0.10227961838245392,1.0,8,1.0,1.0,0.4,0.4,0.0
EVAL_COHORT1_ABLATION_IID_V1,340b4aed264f40d19ee442f75bf8f27d,f156237afbb61ae3e780b5512c8d09bb,S173960276,5,5,5,1,False,True,1,0.6,5.2,0.11274085938930511,1.0,8,1.0,1.0,0.8,1.2,0.4
EVAL_COHORT1_ABLATION_IID_V1,34658b05b97a4d90bdb93ffd37103ca3,0acf131bbeeccb80f0c2833ff257c8b6,S173969613,5,5,5,-1,False,True,1,0.6,5.0,0.02203795686364174,0.25,8,0.5,0.0,-0.4,-1.6,-0.8
EVAL_COHORT1_ABLATION_IID_V1,34658b05b97a4d90bdb93ffd37103ca3,8d5184a45463a50cc383440bcac99c2b,S173967526,5,5,5,-1,False,True,1,0.6,5.6,0.11280933022499084,0.625,8,0.5,0.75,0.0,0.0,0.0
EVAL_COHORT1_ABLATION_IID_V1,34658b05b97a4d90bdb93ffd37103ca3,96b5378f36d6e0763c863d525989ccb3,S173963032,5,5,5,1,False,False,0,1.0,5.6,0.10265138000249863,0.125,8,0.25,0.0,0.2,0.2,0.0
EVAL_COHORT1_ABLATION_IID_V1,34aa3ad9b7a34d56931afef54fcfe585,6760ab7761075f96253e43a5e3c7e034,S173968544,5,5,5,-1,False,True,2,0.2,5.0,-0.04433416575193405,0.625,8,1.0,0.25,-0.2,-0.2,0.0
EVAL_COHORT1_ABLATION_IID_V1,34aa3ad9b7a34d56931afef54fcfe585,c6183308226a9e7ac6f7895d4ab9a478,S173968987,5,5,5,-1,False,True,1,0.2,4.4,-0.0431293360888958,0.25,8,0.5,0.0,-0.2,-0.4,-0.2
EVAL_COHORT1_ABLATION_IID_V1,34aa3ad9b7a34d56931afef54fcfe585,e80d74ce07e0b6f85427944c04cb1dd7,S173963630,5,5,5,1,False,False,0,1.0,6.8,0.14837883412837982,0.0,8,0.0,0.0,0.2,0.2,0.0
EVAL_COHORT1_ABLATION_IID_V1,34ed4d169bfc48cea6024b8dc18b3e18,126837d31c0801ec52053d5fa5d4c19c,S173965594,5,5,5,1,False,False,0,0.8,5.4,0.1379048228263855,0.125,8,0.25,0.0,0.6,0.8,0.19999999999999996
EVAL_COHORT1_ABLATION_IID_V1,34ed4d169bfc48cea6024b8dc18b3e18,45479e2e7e8d374d5f96332af2eaaf00,S173961048,5,5,5,1,False,True,1,0.4,4.4,0.09433090686798096,1.0,8,1.0,1.0,-0.2,-0.2,0.0
EVAL_COHORT1_ABLATION_IID_V1,34ed4d169bfc48cea6024b8dc18b3e18,d9f3a68e25c672c5a40683286099c016,S173964380,5,5,5,1,False,False,0,1.0,6.8,0.17057842016220093,0.375,8,0.25,0.5,0.2,0.2,0.0
EVAL_COHORT1_ABLATION_IID_V1,3937b6e9113a48e098da15cc1311293d,26afa4397f7b56e7b42d7339e4356144,S173965133,5,5,5,-1,False,True,2,0.2,5.0,-0.11527691781520844,0.0,8,0.0,0.0,0.6,1.6,0.8
EVAL_COHORT1_ABLATION_IID_V1,3937b6e9113a48e098da15cc1311293d,3594f7c1d958ff5eff2519f4a74e6165,S173966287,5,5,5,1,False,False,0,0.8,5.6,0.15017050504684448,0.125,8,0.25,0.0,0.2,-0.6,-0.4
EVAL_COHORT1_ABLATION_IID_V1,3937b6e9113a48e098da15cc1311293d,4b9231787e7ea3cbf6f1db09fcd84270,S173960532,5,5,5,1,False,False,0,0.8,5.8,0.2027057409286499,0.0,8,0.0,0.0,0.0,0.0,-0.20000000000000007
EVAL_COHORT1_ABLATION_IID_V1,3a98685b3bf84bb4a28c282f855f0dba,2761e27f4ce1c1e85193a94ba97f616e,S173968825,5,5,5,1,True,True,1,0.0,4.2,-0.05366962403059006,0.75,8,0.5,1.0,-0.2,-0.6,-0.2
EVAL_COHORT1_ABLATION_IID_V1,3a98685b3bf84bb4a28c282f855f0dba,284cb7b2c818441605492eecec02a92e,S173967931,5,5,5,1,False,True,1,0.2,4.2,0.026885846629738808,0.625,8,0.5,0.75,-0.4,-0.4,-0.2
EVAL_COHORT1_ABLATION_IID_V1,3a98685b3bf84bb4a28c282f855f0dba,70c23cbb2f8e0bd28e1a5eac71e4aa80,S173967960,5,5,5,1,False,True,2,0.2,4.0,0.06524022668600082,0.125,8,0.25,0.0,-0.4,-1.0,-0.8
EVAL_COHORT1_ABLATION_IID_V1,3f1236e283374389a0413ef31662ecb0,44b68375cff97449cefd58b8a2cfc68d,S173966799,4,4,4,1,False,True,1,0.5,4.5,0.140218086540699,0.125,8,0.25,0.0,0.25,0.5,0.0
EVAL_COHORT1_ABLATION_IID_V1,3f1236e283374389a0413ef31662ecb0,556d53d27547f396d118336cd421955f,S173967210,4,4,4,1,True,True,2,0.0,3.25,-0.09292075596749783,0.125,8,0.25,0.0,0.5,0.5,-0.25
EVAL_COHORT1_ABLATION_IID_V1,3f1236e283374389a0413ef31662ecb0,ced02945a1376ab2367bbe1aa62febfe,S173968320,5,5,4,-1,False,True,2,0.2,4.4,0.008030540309846401,0.5,8,0.25,0.75,0.5,1.0,0.5
EVAL_COHORT1_ABLATION_IID_V1,41cb614003da44c39da94f367dddd8f5,b00ea77a1211711cd96199c9bd4aa417,S173961108,5,5,5,1,False,False,0,0.8,6.2,0.13321742415428162,0.25,8,0.5,0.0,-0.2,-0.4,-0.20000000000000007
EVAL_COHORT1_ABLATION_IID_V1,41cb614003da44c39da94f367dddd8f5,be3993b558dbb8f507d5725e371ca916,S173963365,5,5,5,1,False,True,1,0.4,4.6,0.14759573340415955,0.375,8,0.75,0.0,0.4,0.6,0.0
EVAL_COHORT1_ABLATION_IID_V1,41cb614003da44c39da94f367dddd8f5,eba529278d268bcd0053da016982c3ec,S173969628,5,5,5,1,True,True,2,0.0,4.0,-0.020818019285798073,0.75,8,0.75,0.75,0.2,0.2,0.0
EVAL_COHORT1_ABLATION_IID_V1,437ab39febe0492b9f9dce1c44cdaa54,6c42e533a9e2f3d8f2379fdf1cf89be5,S173961473,5,5,5,1,False,False,0,0.6,5.6,0.09545520693063736,0.125,8,0.25,0.0,0.6,1.0,0.4
EVAL_COHORT1_ABLATION_IID_V1,437ab39febe0492b9f9dce1c44cdaa54,be6329aed1b75fa98ce733ba96bfe854,S173969907,5,5,5,1,False,True,1,0.4,4.8,0.1126401349902153,0.375,8,0.75,0.0,1.0,2.0,0.6
EVAL_COHORT1_ABLATION_IID_V1,437ab39febe0492b9f9dce1c44cdaa54,c81aec1beac127854ce6b058e1284d96,S173965437,5,5,5,1,True,True,2,0.0,4.2,-0.0599653497338295,1.0,8,1.0,1.0,0.0,0.8,0.4
EVAL_COHORT1_ABLATION_IID_V1,4656c87568a44cc698780dd3463f5bcf,07ecb98a34ea56460ba4bc4d805f9013,S173961230,4,4,4,1,False,True,1,0.5,4.75,0.17112092673778534,0.125,8,0.25,0.0,0.75,1.0,0.0
EVAL_COHORT1_ABLATION_IID_V1,4656c87568a44cc698780dd3463f5bcf,4df437d6b9c3658014cca652de933995,S173970127,4,4,4,1,False,True,1,0.5,5.0,0.17285484820604324,0.125,8,0.25,0.0,0.5,1.25,0.5
EVAL_COHORT1_ABLATION_IID_V1,4656c87568a44cc698780dd3463f5bcf,d43b12eeb5510303655bc1ac50885c22,S173965199,5,5,5,-1,False,True,2,0.2,5.0,-0.049109674990177155,0.625,8,0.75,0.5,0.4,0.4,0.2
EVAL_COHORT1_ABLATION_IID_V1,491bfedba3ee4454aa93b04bb61f07e0,012523713ff386f71761f3f339451b31,S173968115,5,5,5,-1,False,False,0,1.0,6.2,-0.0021002963185310364,0.625,8,0.75,0.5,0.0,-0.2,-0.4
EVAL_COHORT1_ABLATION_IID_V1,491bfedba3ee4454aa93b04bb61f07e0,59efa9009c8c154443f7068ab66b2652,S173967078,5,5,5,-1,False,False,0,0.6,5.4,-0.03738801181316376,0.375,8,0.75,0.0,0.4,0.0,0.0
EVAL_COHORT1_ABLATION_IID_V1,491bfedba3ee4454aa93b04bb61f07e0,652bf3958398d19858ce55c7b93ced17,S173970634,5,5,5,1,False,True,1,0.4,4.8,-0.005073044449090958,0.75,8,0.75,0.75,0.6,0.6,0.19999999999999996
EVAL_COHORT1_ABLATION_IID_V1,4a49eda51ce84e02829cb8a23a3d1a79,7c582a2b379aedab9f19ce7829acee9c,S173963781,4,4,4,1,True,True,2,0.0,3.5,-0.037829707376658916,0.125,8,0.25,0.0,-0.25,-1.5,-1.0
EVAL_COHORT1_ABLATION_IID_V1,4a49eda51ce84e02829cb8a23a3d1a79,9c24963c894260a942efb5dc057e8b69,S173961515,5,5,5,1,False,False,0,1.0,6.4,0.14837071299552917,0.375,8,0.75,0.0,0.0,0.0,0.0
EVAL_COHORT1_ABLATION_IID_V1,4a49eda51ce84e02829cb8a23a3d1a79,cc0cd4fcd5f0fca621113d14b1528508,S173962962,5,5,5,-1,False,False,0,0.8,6.0,-0.07422994822263718,0.875,8,1.0,0.75,0.6,0.8,0.19999999999999996
EVAL_COHORT1_ABLATION_IID_V1,4c07f2dba8744b0981a46dec72b31008,32e4e6705e37dd78f19e7c00667f69ee,S173964047,5,5,5,-1,False,True,2,0.2,4.8,0.01704620197415352,0.0,8,0.0,0.0,-0.2,-0.8,-0.4
EVAL_COHORT1_ABLATION_IID_V1,4c07f2dba8744b0981a46dec72b31008,5774cfb8a3f4d3f877270d6f9af17246,S173962115,4,4,4,1,False,True,1,0.25,5.0,0.012886125594377518,1.0,8,1.0,1.0,0.25,0.75,0.5
EVAL_COHORT1_ABLATION_IID_V1,4c07f2dba8744b0981a46dec72b31008,98c99fe6291a0e9062c1a7dbecdfb393,S173962199,4,4,4,-1,False,True,1,0.5,4.5,0.06680409796535969,0.5,8,0.25,0.75,-0.25,-2.0,-1.0
EVAL_COHORT1_ABLATION_IID_V1,61d0a9bdb87444e5a978c617c37f0ecd,0289ebdf1415560e68b1e71c69cd72d6,S173965133,5,5,5,-1,False,True,1,0.4,5.2,-0.012020467780530453,0.625,8,0.75,0.5,0.6,1.4,0.6
EVAL_COHORT1_ABLATION_IID_V1,61d0a9bdb87444e5a978c617c37f0ecd,59b67b24b6a8a33e93abc3c1d0dac76e,S173960324,5,5,5,-1,False,True,1,0.6,5.6,-0.06880009174346924,0.125,8,0.25,0.0,0.4,0.2,0.20000000000000007
EVAL_COHORT1_ABLATION_IID_V1,61d0a9bdb87444e5a978c617c37f0ecd,ad071f6993f39981cf0b62d9787848dc,S173964833,5,5,5,1,False,True,1,0.6,5.0,0.11761826276779175,0.0,8,0.0,0.0,0.2,0.4,0.0
EVAL_COHORT1_ABLATION_IID_V1,62f759b1f819451db062a8ab36c19176,28eca037c6acacd4d4ddfdd8e2e171ce,S173966108,5,5,5,1,False,True,2,0.2,4.0,0.20620188117027283,0.125,8,0.25,0.0,0.0,0.8,0.2
EVAL_COHORT1_ABLATION_IID_V1,62f759b1f819451db062a8ab36c19176,9e4301b40c59948006bcb84bd6f8b2f7,S173969395,5,5,5,-1,False,True,1,0.6,4.8,0.10969935357570648,0.875,8,0.75,1.0,0.2,0.2,-0.19999999999999996
EVAL_COHORT1_ABLATION_IID_V1,62f759b1f819451db062a8ab36c19176,ef9c8d9a0590476c777fcd0e487666d2,S173965352,5,5,5,-1,False,True,1,0.6,5.2,-0.0705869272351265,0.75,8,0.5,1.0,0.0,0.0,0.0
EVAL_COHORT1_ABLATION_IID_V1,634f2f32544e4518924e1e52443b997d,80c305cdd4a36650a3bcf8d9a437b1d2,S173970006,4,4,4,-1,False,True,1,0.25,4.5,0.05015675723552704,0.25,8,0.5,0.0,0.25,0.5,0.25
EVAL_COHORT1_ABLATION_IID_V1,634f2f32544e4518924e1e52443b997d,a7fa6d3d65254597fe005571455ecd94,S173964485,5,5,4,1,False,True,1,0.6,5.4,0.08686845749616623,0.875,8,1.0,0.75,-0.75,-0.75,-0.25
EVAL_COHORT1_ABLATION_IID_V1,634f2f32544e4518924e1e52443b997d,f4d3482903d0257d76cb54604ef74f62,S173961177,5,5,4,1,False,True,1,0.4,5.4,0.11752016842365265,0.625,8,0.75,0.5,0.25,0.25,0.25
EVAL_COHORT1_ABLATION_IID_V1,63d1c1ec203e492ca7ee8c46d7a46e6c,0754dee4fd4aeb7a388383f4a3e54574,S173966791,5,5,5,1,False,False,0,0.8,5.4,0.09239082038402557,0.125,8,0.25,0.0,-0.2,-0.2,-0.20000000000000007
EVAL_COHORT1_ABLATION_IID_V1,63d1c1ec203e492ca7ee8c46d7a46e6c,9762bcb50aa676c10652ccb10b1757dd,S173960454,5,5,5,1,False,False,0,1.0,5.6,0.1191968321800232,0.875,8,0.75,1.0,0.0,-0.4,-0.4
EVAL_COHORT1_ABLATION_IID_V1,63d1c1ec203e492ca7ee8c46d7a46e6c,cc6c03bb3e322768c88122d35aa11dbc,S173971024,5,5,5,-1,False,False,0,1.0,6.4,-0.023651938885450363,0.25,8,0.5,0.0,-0.6,-1.8,-0.8
EVAL_COHORT1_ABLATION_IID_V1,65d339a9431842378580b1c42768a94a,91d75ed0be68bbc6afda5d01d40dc2ee,S173969453,5,5,5,1,False,False,0,0.8,5.2,0.029574789106845856,0.125,8,0.25,0.0,-0.8,-2.4,-1.4
EVAL_COHORT1_ABLATION_IID_V1,65d339a9431842378580b1c42768a94a,dc3b7ca4b905c30ac6dd187f7e2193f9,S173967444,5,5,5,1,False,False,0,1.0,6.8,0.16636118292808533,0.75,8,0.75,0.75,0.0,0.0,0.0
EVAL_COHORT1_ABLATION_IID_V1,65d339a9431842378580b1c42768a94a,f99c1438d84e06a15bf1437318286dba,S173969310,5,5,5,1,True,True,2,0.0,4.2,-0.0011856239289045334,0.0,8,0.0,0.0,-1.0,-2.4,-1.0
EVAL_COHORT1_ABLATION_IID_V1,6613dd9c78904abc849d8f982cd0c1ca,41a1171834cd68738e2b70930425a653,S173962872,5,5,4,1,True,True,2,0.0,3.8,0.10398160666227341,0.875,8,0.75,1.0,0.5,1.0,0.5
EVAL_COHORT1_ABLATION_IID_V1,6613dd9c78904abc849d8f982cd0c1ca,bb9228176e796c658577161ea6457263,S173968672,5,5,4,1,False,True,1,0.4,4.6,0.1343543827533722,0.25,8,0.25,0.25,0.5,0.75,0.25
EVAL_COHORT1_ABLATION_IID_V1,6613dd9c78904abc849d8f982cd0c1ca,bbe7a322d75cc506877b0aa8b4ebd1bb,S173961142,4,4,4,1,True,True,2,0.0,4.25,0.1355758011341095,0.625,8,0.75,0.5,0.25,0.75,0.5
EVAL_COHORT1_ABLATION_IID_V1,677dfae3dbc14b5c891338cb6d9d3a1d,0985ecdf667bb073308787c40fb4b4f5,S173962604,5,5,5,1,True,True,2,0.0,4.2,-0.06070791929960251,0.875,8,0.75,1.0,0.0,0.0,0.2
EVAL_COHORT1_ABLATION_IID_V1,677dfae3dbc14b5c891338cb6d9d3a1d,22c7f792e54b134ecbe0f7f668f6ddb8,S173968783,5,5,5,-1,False,True,1,0.4,4.6,-0.002474820241332054,0.875,8,0.75,1.0,0.4,0.6,0.19999999999999996
EVAL_COHORT1_ABLATION_IID_V1,677dfae3dbc14b5c891338cb6d9d3a1d,cbf90107779550e0f182195d26e1de71,S173964506,5,5,5,1,False,False,0,0.8,6.0,0.12621797621250153,0.125,8,0.25,0.0,0.4,0.6,0.19999999999999996
EVAL_COHORT1_ABLATION_IID_V1,68b4bbed7488457680078a6f69132b3d,121ceac8900cfe4e439e734066abf134,S173963596,4,4,4,-1,False,False,0,1.0,6.75,-0.04015959985554218,0.25,8,0.5,0.0,0.25,0.25,0.0
EVAL_COHORT1_ABLATION_IID_V1,68b4bbed7488457680078a6f69132b3d,25252e424e1719313637c50ceb62da6b,S173961517,4,4,4,1,False,True,1,0.5,5.0,0.08623957447707653,0.625,8,0.25,1.0,0.0,0.0,0.0
EVAL_COHORT1_ABLATION_IID_V1,68b4bbed7488457680078a6f69132b3d,30d73e195c1c1ddc0d68854201908ddb,S173967311,4,4,4,1,False,False,0,0.75,5.75,0.11007186956703663,0.25,8,0.5,0.0,0.75,0.75,0.25
EVAL_COHORT1_ABLATION_IID_V1,6ab1b2319d324af7a7c1c2372e3ac6e7,0b6fe1093026af62f5b4898fbe9569b6,S173964344,4,4,4,-1,False,False,0,0.75,5.75,-0.00619811937212944,0.125,8,0.25,0.0,0.5,0.75,0.25
EVAL_COHORT1_ABLATION_IID_V1,6ab1b2319d324af7a7c1c2372e3ac6e7,5bfea32599ead848a5d69761a059e58e,S173969613,4,4,4,-1,False,True,1,0.25,4.75,-0.004859982058405876,0.0,8,0.0,0.0,0.25,0.75,0.25
EVAL_COHORT1_ABLATION_IID_V1,6ab1b2319d324af7a7c1c2372e3ac6e7,9ad0e5a6b866a2cbfb8e6cc636a59f6b,S173963971,4,4,4,-1,False,True,1,0.25,4.5,0.04222375340759754,0.875,8,1.0,0.75,0.75,1.75,0.75
EVAL_COHORT1_ABLATION_IID_V1,6b0e674f821940fc973d350b45aa0e1a,1d5601bc522be7f1b4f55cf17700f736,S173969025,5,5,5,1,False,False,0,0.8,5.8,-0.007564224302768707,1.0,8,1.0,1.0,0.2,0.2,0.0
EVAL_COHORT1_ABLATION_IID_V1,6b0e674f821940fc973d350b45aa0e1a,98854a8105bc73e9293b533681d9deb9,S173966999,5,5,5,-1,False,True,2,0.2,4.6,0.03582330793142319,0.25,8,0.5,0.0,-0.6,-1.8,-0.6000000000000001
EVAL_COHORT1_ABLATION_IID_V1,6b0e674f821940fc973d350b45aa0e1a,db802ba8d6ad9cbd34dbb77609fb20c5,S173970751,5,5,5,1,False,True,2,0.2,4.8,0.12113629281520844,0.125,8,0.25,0.0,0.0,0.0,0.2
EVAL_COHORT1_ABLATION_IID_V1,6d8ff6d3b8fd4c0b8985d0b0280a5f6b,1bab1d8dabb7f2f9a046c95851b1df92,S173962358,5,5,5,1,False,True,1,0.4,5.2,0.04427183419466019,0.625,8,0.75,0.5,0.0,0.0,0.0
EVAL_COHORT1_ABLATION_IID_V1,6d8ff6d3b8fd4c0b8985d0b0280a5f6b,9a677b3136bb551002107487246c6282,S173966921,5,5,5,-1,False,True,1,0.2,4.2,-0.08492358028888702,0.25,8,0.5,0.0,0.8,2.4,0.8
EVAL_COHORT1_ABLATION_IID_V1,6d8ff6d3b8fd4c0b8985d0b0280a5f6b,c3969c1adb5a5c0adabf14621b6e5fab,S173966108,5,5,5,-1,False,True,2,0.2,4.8,0.08564198017120361,0.75,8,0.75,0.75,-0.4,-0.4,0.0
EVAL_COHORT1_ABLATION_IID_V1,71818f77ca08466d99f8183e3b181d83,025f5e5312513d1ed1d1e5ae3f5944c9,S173970205,4,4,4,1,False,True,1,0.5,5.25,0.15518947690725327,0.375,8,0.75,0.0,0.5,0.5,0.0
EVAL_COHORT1_ABLATION_IID_V1,71818f77ca08466d99f8183e3b181d83,d3057f2af63e340b6fa3108b00ef3e61,S173961476,5,5,5,1,False,False,0,0.6,5.0,0.16588062047958374,0.125,8,0.25,0.0,0.6,1.0,0.4
EVAL_COHORT1_ABLATION_IID_V1,71818f77ca08466d99f8183e3b181d83,f711920d66b1273d7c60b6f81349785f,S173971024,5,5,5,-1,False,True,1,0.6,5.2,0.056394562125205994,0.375,8,0.75,0.0,0.6,1.4,0.4
EVAL_COHORT1_ABLATION_IID_V1,725384a7d57941a5a2267e4bc461f0ba,1e012bf3dcf18346db9c1d259a6000b4,S173963735,4,4,3,1,False,False,0,1.0,6.25,0.10664829611778259,0.75,8,0.75,0.75,0.6666666666666666,0.6666666666666666,0.0
EVAL_COHORT1_ABLATION_IID_V1,725384a7d57941a5a2267e4bc461f0ba,93b02698a903642b918291176e36c3b3,S173963475,4,4,3,1,False,True,1,0.5,4.75,0.0737218763679266,1.0,8,1.0,1.0,0.3333333333333333,0.3333333333333333,0.0
EVAL_COHORT1_ABLATION_IID_V1,725384a7d57941a5a2267e4bc461f0ba,f098f124037902fe8998ac935c2f78f2,S173962081,5,5,3,1,False,False,0,1.0,6.4,0.14129656553268433,1.0,8,1.0,1.0,0.3333333333333333,0.3333333333333333,0.0
EVAL_COHORT1_ABLATION_IID_V1,73686d77c5144e068e43ce98906156c4,0234d3daf34b438366ff65d2e580f52b,S173969478,5,5,5,-1,False,False,0,0.4,5.0,0.03479326516389847,0.5,8,0.25,0.75,0.0,-0.2,-0.2
EVAL_COHORT1_ABLATION_IID_V1,73686d77c5144e068e43ce98906156c4,9f87e5c59b4f28000ce27205a88b9c7a,S173968029,5,5,5,-1,False,True,1,0.6,5.0,0.01762264221906662,0.875,8,0.75,1.0,0.4,0.4,0.0
EVAL_COHORT1_ABLATION_IID_V1,73686d77c5144e068e43ce98906156c4,fee19918971cf8f07ac701c8d8119d6b,S173967444,4,4,4,1,False,False,0,1.0,6.25,0.15775243192911148,0.25,8,0.5,0.0,0.25,0.25,0.0
EVAL_COHORT1_ABLATION_IID_V1,7c20883b48a9440d81698d6a1245413a,61fac0b072303cf7da74f137e3470826,S173968292,5,5,5,1,False,False,0,1.0,6.2,0.09830477833747864,0.5,8,0.75,0.25,0.0,0.0,0.0
EVAL_COHORT1_ABLATION_IID_V1,7c20883b48a9440d81698d6a1245413a,a6c29626267a81b770c48a87d6290290,S173964518,5,5,5,1,False,True,2,0.2,4.2,0.008486634120345116,1.0,8,1.0,1.0,0.2,0.2,0.0
EVAL_COHORT1_ABLATION_IID_V1,7c20883b48a9440d81698d6a1245413a,c812490b9068355f81f71b30c88b1ab4,S173962358,4,4,4,1,False,False,0,1.0,6.75,0.16125966608524323,0.5,8,0.75,0.25,0.0,0.0,0.0
EVAL_COHORT1_ABLATION_IID_V1,7c805706deba47d0aa8f70d4a867a4b8,b991393216dde2849766f78436eb5847,S173964039,5,5,5,1,False,True,2,0.2,4.8,0.10160589963197708,0.5,8,0.75,0.25,0.4,1.8,0.8
EVAL_COHORT1_ABLATION_IID_V1,7c805706deba47d0aa8f70d4a867a4b8,bc6823cc1d32aa17a3f4088ac94bb898,S173967739,5,5,5,1,False,True,2,0.2,4.4,0.1929575800895691,0.125,8,0.25,0.0,0.2,2.0,0.8
EVAL_COHORT1_ABLATION_IID_V1,7c805706deba47d0aa8f70d4a867a4b8,e5610d83a2290d6c5708f84d059fbb89,S173966293,5,5,5,1,False,True,1,0.2,4.4,0.14006683230400085,1.0,8,1.0,1.0,0.6,0.8,0.6000000000000001
EVAL_COHORT1_ABLATION_IID_V1,82801bfe61c14c2eafc4ad6130df7d4f,32ff134d3eab0e5ed420a709c1e29b98,S173962376,5,5,4,-1,False,True,2,0.2,4.8,0.06006854772567749,0.5,8,0.25,0.75,-0.5,-0.5,-0.25
EVAL_COHORT1_ABLATION_IID_V1,82801bfe61c14c2eafc4ad6130df7d4f,3f87d2fcccfba53ffde82cc61b881dea,S173970028,5,5,4,1,False,True,1,0.6,6.0,0.1966463029384613,0.0,8,0.0,0.0,0.5,1.25,0.5
EVAL_COHORT1_ABLATION_IID_V1,82801bfe61c14c2eafc4ad6130df7d4f,4dd1a6d6fed2ae45d2ed82b7c005666b,S173970811,5,5,4,1,False,True,1,0.6,5.2,0.07086608558893204,1.0,8,1.0,1.0,0.5,1.0,0.5
EVAL_COHORT1_ABLATION_IID_V1,85ae2f61cc484eeb883f4e7555fc17fb,10966a8f2f0e2f6d84560194072504ac,S173967132,5,5,4,-1,False,True,1,0.4,5.0,-0.07019532471895218,0.875,8,0.75,1.0,-0.5,-0.75,-0.25
EVAL_COHORT1_ABLATION_IID_V1,85ae2f61cc484eeb883f4e7555fc17fb,35bfad0304695cd437a980375c3eb1dd,S173971024,5,5,4,-1,False,True,1,0.6,5.6,0.056307192891836166,1.0,8,1.0,1.0,-0.25,-0.75,-0.5
EVAL_COHORT1_ABLATION_IID_V1,85ae2f61cc484eeb883f4e7555fc17fb,ec7080fbad8d1e8cd70561984d61225d,S173962805,5,5,4,-1,False,False,0,0.8,5.6,-0.038047175854444504,0.875,8,1.0,0.75,-0.25,-0.5,-0.25
EVAL_COHORT1_ABLATION_IID_V1,8679efa7ef3c4402833394df4789b698,0e0d412a864b9369405c2e393c538f42,S173970995,5,5,5,1,False,True,1,0.4,5.4,0.02693329006433487,1.0,8,1.0,1.0,0.6,0.8,0.6
EVAL_COHORT1_ABLATION_IID_V1,8679efa7ef3c4402833394df4789b698,5dfab05abb8ee38a27e31eaf5bfc82f8,S173961476,5,5,5,1,False,True,1,0.6,4.8,0.16063366830348969,0.125,8,0.25,0.0,0.6,0.8,0.0
EVAL_COHORT1_ABLATION_IID_V1,8679efa7ef3c4402833394df4789b698,aceff900ff605da0fe7d6c703bab6997,S173966210,5,5,5,1,False,True,1,0.4,4.4,0.005752564407885075,0.625,8,0.5,0.75,0.6,1.0,0.4
EVAL_COHORT1_ABLATION_IID_V1,86d5c8bca2764dbaadd7e1285fe6352b,1b4d869161fbe387a3de13adf32f6307,S173964544,5,5,5,1,False,True,2,0.2,4.8,0.05819521099328995,0.875,8,0.75,1.0,-0.4,-1.2,-0.2
EVAL_COHORT1_ABLATION_IID_V1,86d5c8bca2764dbaadd7e1285fe6352b,2461c39ee7b272da543be36af6adacf6,S173963251,4,4,4,1,False,False,0,1.0,6.5,0.22486693412065506,0.0,8,0.0,0.0,0.25,0.25,0.0
EVAL_COHORT1_ABLATION_IID_V1,86d5c8bca2764dbaadd7e1285fe6352b,72f8f121d34b66ab7c015757caca36d1,S173969507,5,5,5,1,False,False,0,1.0,7.0,0.11282364279031754,0.25,8,0.5,0.0,0.0,0.0,0.0
EVAL_COHORT1_ABLATION_IID_V1,8a667488a0c54c6486a6c3c4419e8647,889b0b9129afdcd130a22a939d46fa1a,S173963822,5,5,5,1,False,True,1,0.6,5.0,0.09777291864156723,0.75,8,0.75,0.75,0.6,0.8,0.4
EVAL_COHORT1_ABLATION_IID_V1,8a667488a0c54c6486a6c3c4419e8647,a851a03d809f22841abceae2215bf924,S173966317,5,5,5,1,False,True,1,0.4,4.6,0.09911265224218369,0.875,8,0.75,1.0,0.2,0.4,0.0
EVAL_COHORT1_ABLATION_IID_V1,8a667488a0c54c6486a6c3c4419e8647,ab250abb29c8c7d776c25064dea582bf,S173963001,5,5,5,1,True,True,2,0.0,3.8,0.04458741471171379,1.0,8,1.0,1.0,0.2,0.8,0.2
EVAL_COHORT1_ABLATION_IID_V1,8ee9057837f446a6b36e8c5b9acdd64d,0736c8d2c03d227b20b81fe79a98692a,S173971059,5,5,5,1,True,True,2,0.0,4.6,0.055010706186294556,0.0,8,0.0,0.0,-0.4,-1.2,-0.4
EVAL_COHORT1_ABLATION_IID_V1,8ee9057837f446a6b36e8c5b9acdd64d,ba24d4d821efcd5356440d1b5da08779,S173963248,4,4,4,1,False,True,1,0.5,6.0,0.06198407523334026,0.25,8,0.25,0.25,0.25,0.5,0.5
EVAL_COHORT1_ABLATION_IID_V1,8ee9057837f446a6b36e8c5b9acdd64d,faac59d876829a5bb138eef5feaac463,S173965578,5,5,5,-1,False,False,0,0.6,5.4,-0.1013350859284401,0.125,8,0.25,0.0,0.2,0.2,0.0
EVAL_COHORT1_ABLATION_IID_V1,8f98a5f7b0c94ad5baa9bed67577d87d,0cb8f20aacc2219671033ad998c59487,S173969529,4,4,4,1,False,True,1,0.25,4.0,0.12235820665955544,0.125,8,0.25,0.0,0.75,1.5,0.75
EVAL_COHORT1_ABLATION_IID_V1,8f98a5f7b0c94ad5baa9bed67577d87d,45aa0bca73418157b26c66ea8a670c5b,S173967910,5,5,5,1,False,False,0,0.4,4.8,0.05467147007584572,0.875,8,0.75,1.0,0.2,0.2,0.19999999999999996
EVAL_COHORT1_ABLATION_IID_V1,8f98a5f7b0c94ad5baa9bed67577d87d,90dfcaa9b5307e0e0d8131bf0807bdd9,S173968787,5,5,5,-1,False,True,1,0.4,4.4,-0.02522030659019947,0.25,8,0.5,0.0,-0.6,-1.0,-0.6000000000000001
EVAL_COHORT1_ABLATION_IID_V1,9245b8fb75b44452a17d22c9f8997a56,06022725d58c568fc22d7dec50d67c71,S173965593,5,5,5,1,False,False,0,1.0,6.0,0.15091605484485626,0.125,8,0.25,0.0,0.0,0.0,0.0
EVAL_COHORT1_ABLATION_IID_V1,9245b8fb75b44452a17d22c9f8997a56,c327caa299e66d06b7e86af64857d84b,S173960939,5,5,5,1,False,True,1,0.4,4.8,0.17039239406585693,0.125,8,0.25,0.0,0.4,1.2,0.6
EVAL_COHORT1_ABLATION_IID_V1,9245b8fb75b44452a17d22c9f8997a56,ec44dc5e41c0d0151b12bfd4d549ac08,S173970811,5,5,5,1,False,True,1,0.6,5.4,0.14351016283035278,0.0,8,0.0,0.0,-0.6,-1.2,-0.39999999999999997
EVAL_COHORT1_ABLATION_IID_V1,9dfaef01f5e345659be19e18e708b870,1452c480a4c88f852d6839fefe721da6,S173963524,5,5,5,1,False,True,1,0.6,5.6,0.0979909747838974,0.125,8,0.25,0.0,0.4,1.4,0.4
EVAL_COHORT1_ABLATION_IID_V1,9dfaef01f5e345659be19e18e708b870,40dd6d903b75b6022bf1abe37eca8335,S173963365,5,5,5,1,False,False,0,0.8,5.8,0.19700132310390472,0.875,8,0.75,1.0,0.2,0.6,0.19999999999999996
EVAL_COHORT1_ABLATION_IID_V1,9dfaef01f5e345659be19e18e708b870,59ee2cdf69d252440653dadce3841f52,S173960643,5,5,5,1,False,True,1,0.4,4.8,0.06735626608133316,0.125,8,0.25,0.0,0.8,1.0,0.6
EVAL_COHORT1_ABLATION_IID_V1,9e34e277f121433e991ee328b2bfa4b2,68fdf95ea47f7bb6e5149f18006d19e1,S173960705,5,5,5,1,False,True,2,0.2,4.0,0.11884214729070663,0.25,8,0.5,0.0,0.4,0.6,0.0
EVAL_COHORT1_ABLATION_IID_V1,9e34e277f121433e991ee328b2bfa4b2,c55c646b27a230c272b0cea86a3c86f6,S173971039,4,4,4,-1,False,True,1,0.25,4.25,0.05513130873441696,0.5,8,0.75,0.25,0.5,0.5,0.25
EVAL_COHORT1_ABLATION_IID_V1,9e34e277f121433e991ee328b2bfa4b2,f9fd9d541fde1d84ddba1c40105bfc32,S173966805,5,5,5,1,False,True,2,0.2,4.6,0.09397910535335541,0.75,8,0.5,1.0,0.4,1.0,0.39999999999999997
EVAL_COHORT1_ABLATION_IID_V1,9fc7405ebc084a219632b193342b911c,6d95d4b7c23b8516976f15fd5a1adde6,S173962024,5,5,5,-1,False,True,1,0.6,5.0,0.031021004542708397,0.75,8,0.75,0.75,0.2,0.4,0.0
EVAL_COHORT1_ABLATION_IID_V1,9fc7405ebc084a219632b193342b911c,da08be142d768a363df6b2107df4d7f6,S173960993,5,5,5,1,False,False,0,1.0,5.8,0.059875790029764175,0.5,8,0.25,0.75,0.2,0.2,0.0
EVAL_COHORT1_ABLATION_IID_V1,9fc7405ebc084a219632b193342b911c,e9544d83d5ad0a2a2ad072c9ebaa3e67,S173969028,5,5,5,1,False,True,2,0.2,5.4,0.008068498224020004,0.75,8,0.5,1.0,0.0,0.4,0.39999999999999997
EVAL_COHORT1_ABLATION_IID_V1,a02de44310844035a0e5392f3497faa6,4d152952b3b6e176204dfbd71f589451,S173968713,5,5,5,1,False,True,2,0.2,4.8,0.1637199968099594,0.125,8,0.25,0.0,-0.2,-0.2,0.0
EVAL_COHORT1_ABLATION_IID_V1,a02de44310844035a0e5392f3497faa6,9896975ec528e1e6d6d81122d959f9bf,S173969395,5,5,5,1,False,True,2,0.2,4.6,0.12250684201717377,1.0,8,1.0,1.0,0.6,0.6,0.2
EVAL_COHORT1_ABLATION_IID_V1,a02de44310844035a0e5392f3497faa6,be2a93faa859f8ebab078cd1f8863077,S173968526,5,5,5,-1,False,True,2,0.2,4.6,0.009482283145189285,0.25,8,0.5,0.0,-0.2,0.0,0.0
EVAL_COHORT1_ABLATION_IID_V1,a2843b73bd2f44f2a50b1019146162da,0e93a970206af0e7bd0e94b839241557,S173968825,5,5,5,-1,False,False,0,0.8,5.6,-0.05373402312397957,0.0,8,0.0,0.0,0.4,0.4,0.0
EVAL_COHORT1_ABLATION_IID_V1,a2843b73bd2f44f2a50b1019146162da,3c8295aaefb4b7b514d791488b330111,S173964506,5,5,5,1,False,False,0,1.0,6.0,0.09658205509185791,0.375,8,0.75,0.0,0.4,0.4,0.0
EVAL_COHORT1_ABLATION_IID_V1,a2843b73bd2f44f2a50b1019146162da,e11de9553e149ef366cbfbd6798a798a,S173962805,5,5,5,-1,False,False,0,1.0,6.2,-0.04822443053126335,0.875,8,0.75,1.0,0.2,0.2,0.0
EVAL_COHORT1_ABLATION_IID_V1,a5888111e4464e87a906071726ef0035,425250daa1d33e241efa6aa3de39fad7,S173960377,4,4,4,-1,False,True,1,0.5,4.75,-0.13649897277355194,0.625,8,0.25,1.0,0.25,0.75,0.25
EVAL_COHORT1_ABLATION_IID_V1,a5888111e4464e87a906071726ef0035,6ecd7a91771a99aa9619c200ac298810,S173962222,4,4,4,-1,False,True,1,0.25,4.75,-0.08713332563638687,0.5,8,0.75,0.25,0.25,1.0,0.5
EVAL_COHORT1_ABLATION_IID_V1,a5888111e4464e87a906071726ef0035,c99ae074d0c768776aec79731677e187,S173960548,4,4,4,-1,False,False,0,1.0,6.5,0.02317889593541622,0.875,8,0.75,1.0,-0.25,-0.25,0.0
EVAL_COHORT1_ABLATION_IID_V1,a5e9430865b547938fca6c7f9b90f4ac,9b9797045792220ebbe3b08356e4f825,S173969626,4,3,3,1,False,True,1,0.3333333333333333,5.333333333333333,0.02055753953754902,0.75,8,1.0,0.5,-0.6666666666666666,-1.3333333333333333,-0.6666666666666666
EVAL_COHORT1_ABLATION_IID_V1,a5e9430865b547938fca6c7f9b90f4ac,a695fc9b6316f5a2b9a24d9ee62cabe8,S173971057,4,3,3,1,False,True,1,0.3333333333333333,4.666666666666667,0.13163269311189651,0.75,8,1.0,0.5,0.0,-0.6666666666666666,-0.3333333333333333
EVAL_COHORT1_ABLATION_IID_V1,a5e9430865b547938fca6c7f9b90f4ac,e51c3b0e3ab8b083d6286fadbabe9f91,S173960245,4,3,3,-1,False,False,0,1.0,5.0,-0.044680106453597546,0.0,8,0.0,0.0,0.3333333333333333,0.3333333333333333,-0.33333333333333337
EVAL_COHORT1_ABLATION_IID_V1,a6ffc16872434f7b985ec30a867de66a,1a58ba7fda73eb1229827d6554e8faa9,S173961486,5,5,4,1,False,False,0,1.0,6.0,0.16562733054161072,0.0,8,0.0,0.0,0.5,0.5,0.0
EVAL_COHORT1_ABLATION_IID_V1,a6ffc16872434f7b985ec30a867de66a,8591dae7debcae17f947f9d40d01a827,S173963596,4,4,4,-1,False,False,0,0.75,5.25,0.018021852243691683,0.0,8,0.0,0.0,0.25,-0.25,-0.5
EVAL_COHORT1_ABLATION_IID_V1,a6ffc16872434f7b985ec30a867de66a,e59e117655f2fef5fb77e4b8083f648a,S173966491,4,4,4,-1,False,True,1,0.5,4.75,-0.09091866761445999,0.125,8,0.25,0.0,0.0,0.5,0.5
EVAL_COHORT1_ABLATION_IID_V1,a93d57fd9568437884303af3a150a8b9,5515797197f022622332a3b1e8c01b5f,S173963312,5,5,5,1,False,True,1,0.4,4.8,0.09985460340976715,1.0,8,1.0,1.0,0.4,0.8,0.4
EVAL_COHORT1_ABLATION_IID_V1,a93d57fd9568437884303af3a150a8b9,5bcb7a93c57f3f9f7a71338d38e3f305,S173965643,5,5,5,1,False,False,0,0.6,4.8,0.17017100751399994,0.0,8,0.0,0.0,0.4,0.4,0.20000000000000007
EVAL_COHORT1_ABLATION_IID_V1,a93d57fd9568437884303af3a150a8b9,f3742d6de22149f4014a4ac81c14b1de,S173971045,5,5,5,1,False,True,2,0.2,4.2,0.09215942025184631,0.25,8,0.25,0.25,0.4,0.4,0.0
EVAL_COHORT1_ABLATION_IID_V1,ab0ee3fcbbba475d82c868c36caf058f,14dfa5a1e823fd12738bf0edb0c324fd,S173963668,5,5,5,1,False,True,1,0.6,5.2,0.09195742011070251,0.25,8,0.5,0.0,0.4,1.4,0.4
EVAL_COHORT1_ABLATION_IID_V1,ab0ee3fcbbba475d82c868c36caf058f,77592351159960e1308308144159d185,S173969395,5,5,5,-1,False,True,2,0.2,4.8,0.09413790702819824,0.125,8,0.0,0.25,-0.4,-1.0,-0.8
EVAL_COHORT1_ABLATION_IID_V1,ab0ee3fcbbba475d82c868c36caf058f,d5a01c0aab74dd0deb9d80d81d8d5f78,S173960993,5,5,5,1,False,True,2,0.2,4.6,0.10435304045677185,0.625,8,0.5,0.75,0.0,0.4,0.39999999999999997
EVAL_COHORT1_ABLATION_IID_V1,aeb0daadfd6248829d81831b715899b3,346a0339f987a81d5cb4762d90ba914f,S173969327,4,4,4,-1,False,True,1,0.25,5.0,0.017697282135486603,0.375,8,0.25,0.5,0.5,0.75,0.5
EVAL_COHORT1_ABLATION_IID_V1,aeb0daadfd6248829d81831b715899b3,878470585c30c8ded42e3b6ac3873a37,S173963694,5,4,4,-1,False,False,0,0.5,5.5,0.19196432828903198,1.0,8,1.0,1.0,0.25,0.25,0.25
EVAL_COHORT1_ABLATION_IID_V1,aeb0daadfd6248829d81831b715899b3,8ef27faf49fa04ece8837206f275d40d,S173969815,5,4,4,1,False,True,1,0.25,5.25,0.04633978754281998,0.5,8,0.5,0.5,-0.5,-1.0,-0.25
EVAL_COHORT1_ABLATION_IID_V1,aeba5620163f4b80a48feb5eea4f302b,61422e4b019f42e3ad2b4a92bea11a38,S173961465,4,4,4,1,False,False,0,1.0,6.25,0.1335086226463318,0.25,8,0.5,0.0,0.0,-1.0,-0.5
EVAL_COHORT1_ABLATION_IID_V1,aeba5620163f4b80a48feb5eea4f302b,64679834baea2d411dbb3e5b755b540d,S173964626,5,5,5,-1,False,True,2,0.2,4.6,0.010616477578878403,0.625,8,0.75,0.5,0.4,1.6,0.8
EVAL_COHORT1_ABLATION_IID_V1,aeba5620163f4b80a48feb5eea4f302b,f1cb671b0476aabfe67602f39bbe4aba,S173961538,5,5,5,1,False,False,0,1.0,6.2,0.1863025277853012,0.75,8,0.5,1.0,0.2,0.2,0.0
EVAL_COHORT1_ABLATION_IID_V1,b095b420142e4cf5ae874a959902d55a,8027cb96776b6b6b394ae5d30de3a248,S173961600,5,5,5,1,False,False,0,1.0,6.2,0.1715109944343567,0.625,8,0.5,0.75,0.4,0.4,0.0
EVAL_COHORT1_ABLATION_IID_V1,b095b420142e4cf5ae874a959902d55a,b3c9970cb7aeb6a5fc2e38688c370bbe,S173960310,5,5,5,-1,False,True,1,0.4,5.4,-0.005226772278547287,0.125,8,0.25,0.0,0.2,0.4,0.19999999999999996
EVAL_COHORT1_ABLATION_IID_V1,b095b420142e4cf5ae874a959902d55a,f596733afdf1dd07966cbadf75520c50,S173969037,5,5,5,1,False,True,2,0.2,4.6,-0.06966236233711243,1.0,8,1.0,1.0,0.4,0.6,0.6000000000000001
EVAL_COHORT1_ABLATION_IID_V1,b30261c2bd944cc4ae874a44e5c28d27,3a665dd1183bf730efb41a83809a35e2,S173967316,4,4,4,1,False,False,0,0.75,5.0,0.08190996572375298,0.75,8,0.5,1.0,0.5,0.5,0.0
EVAL_COHORT1_ABLATION_IID_V1,b30261c2bd944cc4ae874a44e5c28d27,78e117b8c646857ed721082b7b9a43e6,S173965414,5,5,4,1,False,False,0,1.0,6.2,0.1393905133008957,0.25,8,0.25,0.25,0.5,0.5,0.0
EVAL_COHORT1_ABLATION_IID_V1,b30261c2bd944cc4ae874a44e5c28d27,ba9933c0c58c25da8663954da76ae8b1,S173967044,4,4,4,1,False,True,1,0.25,4.25,0.03828828386031091,0.875,8,0.75,1.0,0.75,2.0,0.75
EVAL_COHORT1_ABLATION_IID_V1,b5fb375fed8148278babda89d3708c06,08ddb67a98ae0843d5e56ef586ad24f3,S173968974,4,4,4,1,True,True,2,0.0,3.5,0.09721165150403976,0.625,8,0.5,0.75,0.25,0.25,0.0
EVAL_COHORT1_ABLATION_IID_V1,b5fb375fed8148278babda89d3708c06,205ddfed3eb990a165b4994660ab985f,S173963667,4,4,4,1,False,False,0,1.0,6.0,0.08968772739171982,0.0,8,0.0,0.0,0.25,0.25,0.0
EVAL_COHORT1_ABLATION_IID_V1,b5fb375fed8148278babda89d3708c06,eb9f7ee5bb30332306492756aed2d39d,S173969395,4,4,4,1,True,True,2,0.0,4.25,0.15782101452350616,0.0,8,0.0,0.0,-0.25,-0.5,0.0
EVAL_COHORT1_ABLATION_IID_V1,b69f51ac04c5452a980aa98024d9d9b3,bd8c63115e19b3e1b4c042ca63a1fb2d,S173965414,5,5,5,1,False,False,0,1.0,6.4,0.192478209733963,0.0,8,0.0,0.0,0.4,0.4,0.0
EVAL_COHORT1_ABLATION_IID_V1,b69f51ac04c5452a980aa98024d9d9b3,eab3a8d1ec3e3b29436185faeaf3447c,S173969884,5,5,5,1,False,False,0,0.6,5.6,0.047074079513549805,1.0,8,1.0,1.0,0.0,-0.2,-0.19999999999999996
EVAL_COHORT1_ABLATION_IID_V1,b69f51ac04c5452a980aa98024d9d9b3,f55ed7b20c1e875ebc1f9faf2189b3bb,S173963999,5,5,5,1,False,True,1,0.6,5.6,0.16127926111221313,0.625,8,0.5,0.75,0.4,1.0,0.4
EVAL_COHORT1_ABLATION_IID_V1,bb904fe8537e42b1856737aae4e5083c,0b820265f2ffdf32c1c1d27ce6f18328,S173969553,5,5,5,1,False,False,0,0.8,5.4,0.04981226474046707,0.375,8,0.75,0.0,0.0,0.0,0.0
EVAL_COHORT1_ABLATION_IID_V1,bb904fe8537e42b1856737aae4e5083c,c346126a49cc2d938f69084943f5b885,S173964563,5,5,5,1,False,False,0,1.0,6.2,0.08387309312820435,0.25,8,0.5,0.0,0.2,0.2,0.0
EVAL_COHORT1_ABLATION_IID_V1,bb904fe8537e42b1856737aae4e5083c,dc68de6fa4620e71a677792f159a1367,S173960185,5,5,5,-1,False,False,0,0.6,5.2,0.010852355509996414,0.625,8,0.5,0.75,0.4,0.2,0.0
EVAL_COHORT1_ABLATION_IID_V1,bcfddbf34479433bafb5c02d567596ce,552b4aa78ed6e59a31dccf1c82be5fee,S173962862,5,5,5,1,False,False,0,1.0,5.4,0.08750505745410919,0.875,8,1.0,0.75,0.0,-0.2,-0.19999999999999996
EVAL_COHORT1_ABLATION_IID_V1,bcfddbf34479433bafb5c02d567596ce,76292ba439cfe9ecbc7edb14fcbd97eb,S173967548,5,5,5,1,False,True,1,0.6,6.0,0.1388838291168213,0.25,8,0.5,0.0,0.2,0.2,0.0
EVAL_COHORT1_ABLATION_IID_V1,bcfddbf34479433bafb5c02d567596ce,af294cdbde68e3efa851c6d2aafb50e9,S173967078,5,5,5,1,False,True,1,0.4,4.8,0.012134099379181862,0.25,8,0.25,0.25,-0.2,-0.4,-0.2
EVAL_COHORT1_ABLATION_IID_V1,bf85e4fb9453402590682ea6b78f73bb,4baef1c735bb32ce764e6acc7506dbe4,S173964485,5,5,5,1,False,False,0,1.0,5.8,0.07732029259204865,1.0,8,1.0,1.0,0.6,0.8,0.0
EVAL_COHORT1_ABLATION_IID_V1,bf85e4fb9453402590682ea6b78f73bb,8eb1e3be4ae546516d0e809ced67f1ce,S173960982,5,5,5,-1,False,True,1,0.6,5.2,-0.05399414151906967,0.25,8,0.5,0.0,0.4,0.4,0.0
EVAL_COHORT1_ABLATION_IID_V1,bf85e4fb9453402590682ea6b78f73bb,9ae265ae8ea81ac675dfde555225564d,S173964506,5,5,5,1,False,False,0,1.0,6.2,0.1285892128944397,0.0,8,0.0,0.0,0.4,0.4,0.0
EVAL_COHORT1_ABLATION_IID_V1,c30e092431e44e478a2dd8c67e6d4f56,0dda4386c636c5b0cb4501611fb210f9,S173965614,5,5,5,-1,False,True,2,0.2,4.4,0.15736234188079834,0.875,8,0.75,1.0,-1.0,-2.8,-1.2
EVAL_COHORT1_ABLATION_IID_V1,c30e092431e44e478a2dd8c67e6d4f56,8d6630603ccd523168345f3da1f03a15,S173962320,4,4,4,-1,False,True,1,0.5,5.25,-0.026593197137117386,0.625,8,0.5,0.75,0.0,-0.25,0.0
EVAL_COHORT1_ABLATION_IID_V1,c30e092431e44e478a2dd8c67e6d4f56,b1af4894cec91acea15963c4b7edd3ad,S173964506,5,5,5,1,True,True,2,0.0,3.8,0.0666562020778656,0.875,8,0.75,1.0,0.4,1.6,0.6
EVAL_COHORT1_ABLATION_IID_V1,c42e530a7bbd45e0afc072a7b243310f,12fcd2d30dddffedbbbc34519ddf909e,S173960532,4,4,4,1,False,False,0,1.0,6.0,0.1968359500169754,0.25,8,0.5,0.0,0.5,0.5,0.0
EVAL_COHORT1_ABLATION_IID_V1,c42e530a7bbd45e0afc072a7b243310f,bf28aca35a5f2712699e65352b6bc0f4,S173962804,5,5,4,-1,False,False,0,1.0,5.4,-0.09091192483901978,0.375,8,0.5,0.25,0.0,-0.25,-0.5
EVAL_COHORT1_ABLATION_IID_V1,c42e530a7bbd45e0afc072a7b243310f,c40f73128c9b72e858c685d5e04de5e9,S173962819,4,4,4,1,True,True,2,0.0,3.5,0.0017276909202337265,0.5,8,0.5,0.5,0.25,0.25,0.0
EVAL_COHORT1_ABLATION_IID_V1,cde347703f4c4bf5b3221c0cc2ebd6d9,17992546b4ed5f3b8e2fadaff4362aee,S173967132,5,5,5,1,True,True,2,0.0,3.8,-0.07935381680727005,0.5,8,0.75,0.25,0.0,-0.2,0.2
EVAL_COHORT1_ABLATION_IID_V1,cde347703f4c4bf5b3221c0cc2ebd6d9,d3266fc5d23b12df6e5352cb7ba1bf68,S173961282,5,5,5,1,False,True,1,0.6,5.4,0.12359116971492767,0.125,8,0.25,0.0,0.0,0.0,0.0
EVAL_COHORT1_ABLATION_IID_V1,cde347703f4c4bf5b3221c0cc2ebd6d9,ff7201f628c890613796f61c1eb2fcbe,S173963459,5,5,5,1,False,False,0,1.0,5.8,0.15845218300819397,0.5,8,0.5,0.5,0.4,0.4,0.0
EVAL_COHORT1_ABLATION_IID_V1,cfe1a2c584244b909a001f43e3c6c5a6,6a372ff09760200d72147164ef25a500,S173970811,5,5,4,1,False,True,1,0.2,4.4,0.05617740750312805,0.875,8,0.75,1.0,0.0,-0.25,0.25
EVAL_COHORT1_ABLATION_IID_V1,cfe1a2c584244b909a001f43e3c6c5a6,87c8b8d27c51efe7a69e8b8b659ecaa6,S173964380,5,5,4,1,False,False,0,1.0,6.6,0.16900493204593658,0.5,8,0.5,0.5,0.25,0.25,0.0
EVAL_COHORT1_ABLATION_IID_V1,cfe1a2c584244b909a001f43e3c6c5a6,b2cb6d7d1e2b21d27345687fad98a83a,S173961342,5,5,4,1,False,True,1,0.2,4.6,0.08567161858081818,0.625,8,0.5,0.75,0.5,2.0,0.75
EVAL_COHORT1_ABLATION_IID_V1,d02ae7ff0b7e4f12aa8d6ebbca8f44aa,0b0baa6f8a43701505bbba67f865c6c3,S173965593,5,5,5,1,False,False,0,1.0,5.4,0.15798524022102356,0.0,8,0.0,0.0,0.8,1.0,0.0
EVAL_COHORT1_ABLATION_IID_V1,d02ae7ff0b7e4f12aa8d6ebbca8f44aa,d1103778907de92f0292daf506d8ce9d,S173962115,5,5,5,1,False,False,0,0.6,5.6,0.0012864558957517147,1.0,8,1.0,1.0,0.2,0.6,0.20000000000000007
EVAL_COHORT1_ABLATION_IID_V1,d02ae7ff0b7e4f12aa8d6ebbca8f44aa,e5cc2b7a5400205f29c3080233668285,S173960705,5,5,5,1,False,False,0,1.0,5.8,0.11176115274429321,0.375,8,0.5,0.25,0.6,0.8,0.0
EVAL_COHORT1_ABLATION_IID_V1,d09aebf4116149508933f2fe6a3f24e3,18955f1d8649965d6a5d2d223a793013,S173960274,5,5,5,1,True,True,2,0.0,3.4,0.018630225211381912,0.875,8,0.75,1.0,0.0,0.6,0.2
EVAL_COHORT1_ABLATION_IID_V1,d09aebf4116149508933f2fe6a3f24e3,70b83f367518672dbd8ff95c7665612e,S173966502,5,5,5,-1,False,True,2,0.2,3.8,0.04161817580461502,0.125,8,0.25,0.0,0.4,0.4,-0.2
EVAL_COHORT1_ABLATION_IID_V1,d09aebf4116149508933f2fe6a3f24e3,a9bfc553a3f92fbcfd6f74f0833ba7c0,S173965945,5,5,5,-1,False,False,0,1.0,6.4,-0.00217345729470253,0.125,8,0.0,0.25,-0.4,-0.6,0.0
EVAL_COHORT1_ABLATION_IID_V1,d22461d49e5948ee94539b7eeecc1c47,0debe6686fb0776887c053e8ccd3b93c,S173965644,5,5,5,1,False,True,1,0.4,5.4,0.0724685862660408,0.75,8,0.75,0.75,-0.6,-0.6,0.0
EVAL_COHORT1_ABLATION_IID_V1,d22461d49e5948ee94539b7eeecc1c47,6728702a5cc246f830e723d5926cde0b,S173960465,5,5,5,-1,False,False,0,1.0,6.2,-0.06020093709230423,0.125,8,0.25,0.0,-0.6,-2.4,-1.2
EVAL_COHORT1_ABLATION_IID_V1,d22461d49e5948ee94539b7eeecc1c47,ffcd5b32e566c0aeb1ea9d7977970bd5,S173967997,4,4,4,-1,False,True,1,0.5,5.25,-0.06384686380624771,0.625,8,0.75,0.5,0.5,1.75,0.5
EVAL_COHORT1_ABLATION_IID_V1,d58b734007714f0fb5edb909ba7adb10,7bf3812591894c4ce6ff8a8ed08f976b,S173965766,5,5,5,1,False,False,0,1.0,6.0,0.1586628556251526,0.0,8,0.0,0.0,0.0,0.0,0.0
EVAL_COHORT1_ABLATION_IID_V1,d58b734007714f0fb5edb909ba7adb10,be9021456f766dcd60db4a34e07a58ef,S173969815,5,5,5,1,False,False,0,0.8,5.8,0.04814250394701958,0.875,8,0.75,1.0,0.8,1.2,0.19999999999999996
EVAL_COHORT1_ABLATION_IID_V1,d58b734007714f0fb5edb909ba7adb10,f6993418b29cf38d87db7bac27d3e7a8,S173965593,5,5,5,1,False,True,1,0.4,4.8,0.13512593507766724,0.125,8,0.25,0.0,0.4,0.2,0.0
EVAL_COHORT1_ABLATION_IID_V1,d98b97ba8cdb4081a16d99346813e3ed,2cdade222064c4d0c9495cf949c79b4d,S173966054,5,5,5,-1,False,False,0,1.0,6.4,-0.11591978371143341,0.125,8,0.25,0.0,0.2,0.4,0.0
EVAL_COHORT1_ABLATION_IID_V1,d98b97ba8cdb4081a16d99346813e3ed,dbd359ccd334d479a73e4e856b2c9356,S173962514,5,5,5,1,False,True,1,0.4,5.2,0.10598309338092804,0.75,8,0.75,0.75,0.0,-0.4,0.0
EVAL_COHORT1_ABLATION_IID_V1,d98b97ba8cdb4081a16d99346813e3ed,fb33a12c9e445ddd598c92b651262b23,S173965075,5,5,5,-1,False,False,0,1.0,6.4,-0.013450130820274353,0.625,8,0.75,0.5,0.0,0.0,0.0
EVAL_COHORT1_ABLATION_IID_V1,d9e6ee4418f4484ebb150df305e5fb00,553792a96073cf756a9eea7723713640,S173963298,5,5,5,1,True,True,2,0.0,4.2,0.020286481827497482,0.0,8,0.0,0.0,-0.4,-0.8,0.0
EVAL_COHORT1_ABLATION_IID_V1,d9e6ee4418f4484ebb150df305e5fb00,66134063e0245235a62ea192c6fb6012,S173970941,5,5,5,1,False,True,1,0.6,5.4,0.07608248293399811,1.0,8,1.0,1.0,0.2,0.2,0.0
EVAL_COHORT1_ABLATION_IID_V1,d9e6ee4418f4484ebb150df305e5fb00,e968b349817b9abf98135d9abd1d1d68,S173967316,5,5,5,1,False,True,1,0.4,4.8,0.15593047440052032,0.25,8,0.5,0.0,0.6,0.8,0.19999999999999996
EVAL_COHORT1_ABLATION_IID_V1,db37fd7d45774b78b78f38e700f834b4,14d6a2cecfc796225bee358df50b9756,S173962448,5,5,4,1,False,False,0,1.0,5.8,0.00046197883784770966,0.875,8,1.0,0.75,0.0,0.0,0.0
EVAL_COHORT1_ABLATION_IID_V1,db37fd7d45774b78b78f38e700f834b4,8d08686eb4c5c0a6c064285ca781a3a6,S173961177,5,5,4,1,False,False,0,1.0,6.6,0.13373225927352905,1.0,8,1.0,1.0,-0.25,-0.25,0.0
EVAL_COHORT1_ABLATION_IID_V1,db37fd7d45774b78b78f38e700f834b4,cfcdaf99dab54d17e93484a80bfc49dc,S173968528,5,5,4,1,False,False,0,1.0,6.6,0.014499574899673462,0.125,8,0.25,0.0,0.25,0.25,0.0
EVAL_COHORT1_ABLATION_IID_V1,e38c3069c5f040bbb36aa20076c4b4d8,32d01e074d642be7dd78d80f9c5be29b,S173962081,5,5,5,1,False,True,2,0.2,4.4,0.13441801071166992,0.75,8,0.5,1.0,0.2,0.2,0.0
EVAL_COHORT1_ABLATION_IID_V1,e38c3069c5f040bbb36aa20076c4b4d8,8c32b950ae3d96dc4b4cbd6ec6a10ac0,S173970074,5,5,5,1,False,True,2,0.2,4.2,0.018137477338314056,0.125,8,0.0,0.25,-0.2,0.0,-0.2
EVAL_COHORT1_ABLATION_IID_V1,e38c3069c5f040bbb36aa20076c4b4d8,bc6ff902cb5f3565c6a37e210cfa74f6,S173966514,5,5,5,-1,False,True,1,0.4,4.2,0.10129203647375107,0.75,8,0.75,0.75,-0.4,-0.8,-1.0
EVAL_COHORT1_ABLATION_IID_V1,e55452ebb70a4535bbebc81c7a2f5b04,3b65d90108da610762f8d92fd87f17e8,S173969884,4,4,3,1,False,True,1,0.25,4.75,0.15182115137577057,0.5,8,0.75,0.25,0.6666666666666666,1.0,0.6666666666666667
EVAL_COHORT1_ABLATION_IID_V1,e55452ebb70a4535bbebc81c7a2f5b04,652a64d937024f350dca144cf0e5a7fd,S173961487,4,4,3,1,False,False,0,1.0,5.75,0.11728039383888245,0.25,8,0.25,0.25,0.0,0.0,0.0
EVAL_COHORT1_ABLATION_IID_V1,e55452ebb70a4535bbebc81c7a2f5b04,aa062b9e7d05d000e8c92dcc3d406e7b,S173961759,4,4,3,1,False,False,0,0.75,5.5,0.0068864766508340836,0.125,8,0.25,0.0,0.3333333333333333,0.3333333333333333,0.33333333333333337
EVAL_COHORT1_ABLATION_IID_V1,e9d8eb1f0587444289c1a8b33eff5fc8,4f307d1df44255cc9caad8899360746e,S173965643,5,5,5,-1,False,True,1,0.4,5.2,0.009233012795448303,0.5,8,0.75,0.25,0.2,1.2,0.6
EVAL_COHORT1_ABLATION_IID_V1,e9d8eb1f0587444289c1a8b33eff5fc8,a76e0fdade0dce67d1486c4ee1c9c8ce,S173969939,5,5,5,-1,False,True,1,0.4,5.2,-0.02575845830142498,0.125,8,0.25,0.0,0.2,0.4,0.19999999999999996
EVAL_COHORT1_ABLATION_IID_V1,e9d8eb1f0587444289c1a8b33eff5fc8,b440a394faf0c8d82eda62e0edcb577a,S173970136,5,5,5,-1,False,True,2,0.2,4.4,-0.05302834510803223,0.75,8,1.0,0.5,0.2,0.6,0.39999999999999997
EVAL_COHORT1_ABLATION_IID_V1,ed68c4a74dd14a239e119090ae4ddda0,c4505db158b259d3fe3849e4faba98d6,S173969529,5,5,5,1,False,True,1,0.2,4.2,0.11930375546216965,0.25,8,0.5,0.0,-0.8,-1.2,-0.8
EVAL_COHORT1_ABLATION_IID_V1,ed68c4a74dd14a239e119090ae4ddda0,efc29cefd9364c7a8c9a967f5392bbf7,S173964558,5,5,5,1,False,True,1,0.6,4.8,0.12100877612829208,0.125,8,0.25,0.0,0.4,1.0,0.4
EVAL_COHORT1_ABLATION_IID_V1,ed68c4a74dd14a239e119090ae4ddda0,fcd1c159c4770255e07d9020eef9150c,S173969623,5,5,5,-1,False,False,0,0.8,5.6,-0.02675629034638405,0.625,8,0.75,0.5,0.0,0.4,0.19999999999999996
EVAL_COHORT1_ABLATION_IID_V1,ee27d8524da54d3991312b30067d9a3a,2b4f893184ab67d0dc166723ec4d7f04,S173970073,4,4,4,-1,False,False,0,0.5,5.25,-0.060853028669953346,0.125,8,0.25,0.0,0.75,1.75,0.5
EVAL_COHORT1_ABLATION_IID_V1,ee27d8524da54d3991312b30067d9a3a,9e8986acbbc64bee150a2a9f72013402,S173968528,4,4,4,1,False,True,1,0.5,5.5,0.024468376301229,0.875,8,0.75,1.0,0.25,1.5,0.5
EVAL_COHORT1_ABLATION_IID_V1,ee27d8524da54d3991312b30067d9a3a,aff8bfd244da6ddb516407fa6c97679e,S173962604,5,5,4,-1,False,True,2,0.2,4.2,0.028115713968873024,0.75,8,0.75,0.75,-1.0,-2.25,-1.0
EVAL_COHORT1_ABLATION_IID_V1,f46c078ae99c4a4aae344baa0362b16a,0969d5f6d4a80d9a00e5b9f24e28ecd9,S173970006,5,5,4,1,False,True,1,0.6,4.6,0.10155846178531647,0.75,8,0.5,1.0,0.75,1.25,0.0
EVAL_COHORT1_ABLATION_IID_V1,f46c078ae99c4a4aae344baa0362b16a,d12cb85126ea61cde3c34910c61617c6,S173960482,5,5,4,-1,False,True,1,0.4,4.8,-0.010481617413461208,0.0,8,0.0,0.0,0.0,-0.25,0.0
EVAL_COHORT1_ABLATION_IID_V1,f46c078ae99c4a4aae344baa0362b16a,fe6840cb924a3301f4a9b75e534f684c,S173968164,5,5,4,1,False,False,0,0.8,6.0,0.15751630067825317,0.625,8,0.75,0.5,0.0,-0.25,-0.25
EVAL_COHORT1_ABLATION_IID_V1,f4b87ebf75694c219fa31296da4d5e5b,6032972deaeb094922caf65c14d5800b,S173968173,4,4,4,1,False,False,0,1.0,5.75,0.09567386656999588,0.375,8,0.25,0.5,0.5,0.5,0.0
EVAL_COHORT1_ABLATION_IID_V1,f4b87ebf75694c219fa31296da4d5e5b,dc787080fc34f92c9d67209f8add072d,S173964119,5,5,4,1,False,False,0,1.0,5.6,0.003821682184934616,0.875,8,0.75,1.0,0.75,0.75,0.0
EVAL_COHORT1_ABLATION_IID_V1,f4b87ebf75694c219fa31296da4d5e5b,fe3952ac9e8a4d50d4a1904ecad287cb,S173969028,4,4,4,1,True,True,2,0.0,4.5,-0.032504898495972157,0.75,8,0.5,1.0,-0.25,-0.25,0.0
EVAL_COHORT1_ABLATION_IID_V1,f6b5fa191e4b4e8183ad8d3ae53709b7,6d1cdbd9292513ee140493f3b5ccfdb3,S173970760,5,5,5,-1,False,True,2,0.2,4.0,-0.09066134691238403,1.0,8,1.0,1.0,0.6,1.0,0.39999999999999997
EVAL_COHORT1_ABLATION_IID_V1,f6b5fa191e4b4e8183ad8d3ae53709b7,95cc2a21b3b22969aac5fcf44acc3eea,S173962387,5,5,5,1,False,False,0,1.0,6.2,0.21370857954025269,0.125,8,0.25,0.0,-0.2,-0.2,0.0
EVAL_COHORT1_ABLATION_IID_V1,f6b5fa191e4b4e8183ad8d3ae53709b7,f573857b99c927bf4780fc2182750abb,S173970073,5,5,5,-1,False,False,0,0.6,5.8,0.037596456706523895,1.0,8,1.0,1.0,0.4,0.8,0.4
EVAL_COHORT1_ABLATION_IID_V1,f9649a1cd9dd433083c967c53a14b1be,681d51933c67056ae114bff468cd90ab,S173969800,5,5,5,1,False,False,0,1.0,6.8,0.08032798022031784,0.875,8,1.0,0.75,0.0,0.0,0.0
EVAL_COHORT1_ABLATION_IID_V1,f9649a1cd9dd433083c967c53a14b1be,86a0a81293f1e8f6eef91620a759191a,S173967393,4,4,4,1,False,False,0,0.75,5.25,0.06171184964478016,1.0,8,1.0,1.0,0.0,-0.5,-0.25
EVAL_COHORT1_ABLATION_IID_V1,f9649a1cd9dd433083c967c53a14b1be,c6e084bbca88b63b01873bc228109217,S173963921,5,5,5,-1,False,True,1,0.4,4.8,-0.03459010645747185,0.875,8,0.75,1.0,0.8,1.0,0.19999999999999996
EVAL_COHORT1_ABLATION_IID_V1,fd48f82757214d5d850b0b66050fc5de,1159a48cd1bc2a1eb314f13eac4241d4,S173970127,4,4,4,1,True,True,2,0.0,3.25,0.09684250690042973,0.5,8,0.75,0.25,0.25,0.5,0.25
EVAL_COHORT1_ABLATION_IID_V1,fd48f82757214d5d850b0b66050fc5de,e15602435b48837cce72a9ded2c16acc,S173968562,5,5,4,1,False,False,0,0.6,4.8,0.0585525780916214,0.625,8,0.5,0.75,0.25,-0.25,0.0
EVAL_COHORT1_ABLATION_IID_V1,fd48f82757214d5d850b0b66050fc5de,e3af5100a66e4644abeff4a4bbeb4db5,S173965343,5,5,4,1,False,False,0,1.0,6.8,0.1048048585653305,0.625,8,0.75,0.5,0.25,0.25,0.0
EVAL_COHORT2_ABLATION_IID_V2,03cfa600a5cb477db8fdb324e27bfb45,08d027bf3f66052ace779f4178808d7c,S173965343,5,5,5,1,False,True,1,0.6,4.6,0.06303391605615616,1.0,8,1.0,1.0,1.0,2.0,0.4
EVAL_COHORT2_ABLATION_IID_V2,03cfa600a5cb477db8fdb324e27bfb45,577230ad2e6189f591a52360e560c793,S173969628,5,5,5,-1,False,True,2,0.2,4.0,0.0060137249529361725,0.75,8,0.5,1.0,0.0,0.0,0.0
EVAL_COHORT2_ABLATION_IID_V2,03cfa600a5cb477db8fdb324e27bfb45,66bff18c040fca463846255f01bec6cc,S173970634,5,5,5,1,False,True,1,0.4,4.4,0.0002025030553340912,0.875,8,0.75,1.0,0.4,1.4,0.4
EVAL_COHORT2_ABLATION_IID_V2,03d51f62c8ce4ecbadcea41f8552c105,0550d4de0f5de6ed662023421e9842f5,S173963990,5,5,5,1,False,False,0,1.0,7.0,0.09723567962646484,0.125,8,0.25,0.0,0.0,0.0,0.0
EVAL_COHORT2_ABLATION_IID_V2,03d51f62c8ce4ecbadcea41f8552c105,4dc9732210af5376d0754f530d55120e,S173968562,4,4,4,-1,False,False,0,0.25,4.5,0.07007979974150658,0.75,8,0.75,0.75,-0.5,-1.75,-0.75
EVAL_COHORT2_ABLATION_IID_V2,03d51f62c8ce4ecbadcea41f8552c105,cddde032965a8fa6d8fa5e098fc2f8a1,S173968388,5,5,5,-1,False,False,0,0.6,4.8,0.06775917112827301,0.75,8,0.75,0.75,0.2,0.2,-0.19999999999999996
EVAL_COHORT2_ABLATION_IID_V2,08c0fb1bcf7d4bb6a5f3db08bcfbbc62,0a5a76a6000f4768079a405fe6cd1d76,S173961337,5,5,5,-1,False,True,1,0.4,4.4,0.08194173872470856,0.375,8,0.25,0.5,0.2,0.2,0.0
EVAL_COHORT2_ABLATION_IID_V2,08c0fb1bcf7d4bb6a5f3db08bcfbbc62,508da6635f5252078fa83812edb3618b,S173965047,5,5,5,1,False,True,1,0.6,4.6,0.12981992959976196,0.75,8,0.5,1.0,0.4,0.4,0.0
EVAL_COHORT2_ABLATION_IID_V2,08c0fb1bcf7d4bb6a5f3db08bcfbbc62,ce8a1e1fa5a0169f79283edeb1a311c4,S173962152,5,5,5,1,False,False,0,0.4,4.6,-3.710947930812836e-05,0.75,8,0.75,0.75,0.0,-0.4,-0.2
EVAL_COHORT2_ABLATION_IID_V2,09dc2f8f480042bbbfbaa76b1995e4db,84cee07d82ff64195353aa3893130f11,S173962132,5,5,4,1,False,True,1,0.6,4.6,0.10252290219068527,0.25,8,0.5,0.0,-0.25,-0.25,-0.25
EVAL_COHORT2_ABLATION_IID_V2,09dc2f8f480042bbbfbaa76b1995e4db,8a1ebd560f40aa496b2b67b4acbe75ac,S173968783,4,4,4,1,False,True,1,0.25,4.75,0.01133248582482338,0.5,8,0.5,0.5,-0.25,-0.5,0.0
EVAL_COHORT2_ABLATION_IID_V2,09dc2f8f480042bbbfbaa76b1995e4db,e69f2844974fe0a788ee46a81978daf9,S173970817,4,4,4,1,False,True,1,0.25,4.0,0.09442407637834549,0.75,8,0.5,1.0,0.5,0.75,0.0
EVAL_COHORT2_ABLATION_IID_V2,0d0e0ed021034fd8a09bd0ddcef4e61c,13b607167e67e4b8c9f5686308d17c7b,S173963524,4,4,4,1,False,True,1,0.5,5.75,0.07554491050541401,0.25,8,0.5,0.0,0.0,0.0,0.0
EVAL_COHORT2_ABLATION_IID_V2,0d0e0ed021034fd8a09bd0ddcef4e61c,4beddb454facbd2cb042529a9c079d1f,S173964119,4,4,4,1,False,True,1,0.5,5.5,0.0704648569226265,0.0,8,0.0,0.0,0.0,0.0,0.0
EVAL_COHORT2_ABLATION_IID_V2,0d0e0ed021034fd8a09bd0ddcef4e61c,f9c558fe469732f5371cc6c1ec878f29,S173960324,4,4,4,-1,False,False,0,0.75,6.25,-0.07289009727537632,0.125,8,0.25,0.0,0.0,0.0,0.0
EVAL_COHORT2_ABLATION_IID_V2,101f427875a54417a501fb984f9b2bcc,28e0905b32d511fb8fa51328fb1d48c3,S173964740,5,5,4,-1,False,True,1,0.6,5.0,0.015173221006989479,0.0,8,0.0,0.0,0.0,0.25,0.0
EVAL_COHORT2_ABLATION_IID_V2,101f427875a54417a501fb984f9b2bcc,37d3cf72218d5e88c28f3719b8f25c4c,S173964290,4,4,4,1,False,True,1,0.5,5.25,0.05386113841086626,0.625,8,0.75,0.5,-0.5,-2.25,-0.75
EVAL_COHORT2_ABLATION_IID_V2,101f427875a54417a501fb984f9b2bcc,7a3a61b47ca1f7bf5b9c9d60de2afa90,S173962369,5,5,4,-1,False,True,2,0.2,4.4,0.1849709302186966,0.5,8,0.75,0.25,-0.75,-1.75,-1.0
EVAL_COHORT2_ABLATION_IID_V2,1129118c19b64382a4af9e36e4d67b0d,11e6fcf52838f3f94bb994e316c41013,S173966940,5,5,5,1,True,True,2,0.0,3.6,0.1330813616514206,0.0,8,0.0,0.0,0.4,1.4,0.6
EVAL_COHORT2_ABLATION_IID_V2,1129118c19b64382a4af9e36e4d67b0d,9b8927b23df4638df6847ccea4f0c857,S173961437,5,5,5,1,False,True,1,0.6,5.0,0.11682168394327164,0.125,8,0.25,0.0,0.6,1.0,0.4
EVAL_COHORT2_ABLATION_IID_V2,1129118c19b64382a4af9e36e4d67b0d,ea0bc9526b91a556b2f383441bff0f13,S173963604,5,5,5,-1,False,False,0,0.6,5.2,-0.08013398945331573,1.0,8,1.0,1.0,0.2,0.0,0.0
EVAL_COHORT2_ABLATION_IID_V2,1583d17a97d24038940671e30787ee7d,3e38b633c6819c4e3bf7527c7b1e381c,S173962967,5,5,5,1,False,False,0,0.8,5.8,0.11898301541805267,0.125,8,0.0,0.25,0.2,-1.8,-0.6000000000000001
EVAL_COHORT2_ABLATION_IID_V2,1583d17a97d24038940671e30787ee7d,44ff87172ea26cf81b1e3956f065741d,S173962714,5,5,5,1,False,True,2,0.2,4.0,0.12276536226272583,0.875,8,0.75,1.0,1.0,2.0,0.8
EVAL_COHORT2_ABLATION_IID_V2,1583d17a97d24038940671e30787ee7d,9d775ebf823e32a9da4ae5b3605a192e,S173962109,5,5,5,1,False,True,2,0.2,4.4,0.05159709230065346,0.75,8,0.75,0.75,0.4,0.4,0.0
EVAL_COHORT2_ABLATION_IID_V2,15e8426d8a3d43a5ae56bfb64f961b20,146c2c68228485153021e6c5df0192dc,S173969753,5,5,5,1,False,True,1,0.4,5.2,0.11740067601203918,0.375,8,0.25,0.5,0.4,1.6,0.6
EVAL_COHORT2_ABLATION_IID_V2,15e8426d8a3d43a5ae56bfb64f961b20,3f835bc7860ea21ecb51b23426a3c94d,S173969884,5,5,5,-1,False,False,0,1.0,6.0,-0.07652458548545837,0.0,8,0.0,0.0,0.2,0.0,-0.4
EVAL_COHORT2_ABLATION_IID_V2,15e8426d8a3d43a5ae56bfb64f961b20,c6d96368b30b91432dd0c6f5c446d73c,S173960966,5,5,5,1,True,True,2,0.0,4.0,0.022536642849445343,0.875,8,1.0,0.75,0.0,-0.2,0.0
EVAL_COHORT2_ABLATION_IID_V2,1ab53b37f18a4e1d8e711633ba8c93aa,36ebba0d739b20cdd3c2252cc6107882,S173961283,5,5,4,-1,False,False,0,1.0,6.4,-0.07286345213651657,0.125,8,0.0,0.25,0.25,0.25,0.0
EVAL_COHORT2_ABLATION_IID_V2,1ab53b37f18a4e1d8e711633ba8c93aa,6e4fa5d2f8dd277faeb0a6786e6768b0,S173969460,4,4,4,1,False,False,0,1.0,6.5,0.08189757913351059,0.875,8,0.75,1.0,-0.25,-1.0,-0.5
EVAL_COHORT2_ABLATION_IID_V2,1ab53b37f18a4e1d8e711633ba8c93aa,b328380e9623024868b651bec1bdbb43,S173961515,4,4,4,1,False,False,0,0.75,5.75,0.15729619562625885,0.375,8,0.5,0.25,0.25,0.25,-0.25
EVAL_COHORT2_ABLATION_IID_V2,1c8f33bfad654d549c4e7027bd2f7484,7f814861b114cde164dda6644e2f8514,S173965009,5,5,5,1,False,True,1,0.6,5.6,0.011815469712018967,0.25,8,0.25,0.25,-0.6,-1.6,-0.6
EVAL_COHORT2_ABLATION_IID_V2,1c8f33bfad654d549c4e7027bd2f7484,89b06f57d272995d9aecc41962c33591,S173964624,5,5,5,-1,False,True,1,0.6,5.2,0.0432005301117897,0.125,8,0.25,0.0,0.0,-0.2,-0.39999999999999997
EVAL_COHORT2_ABLATION_IID_V2,1c8f33bfad654d549c4e7027bd2f7484,bdcd4311e340b59810088001aeeb7aa0,S173963459,5,5,5,1,False,True,1,0.4,4.6,0.063108891248703,1.0,8,1.0,1.0,0.2,0.2,0.0
EVAL_COHORT2_ABLATION_IID_V2,2072001613a04a7f84dec07f3b67cedc,1dd58ffeb864f56883ccf2ea451f416d,S173961546,4,4,4,1,False,True,1,0.25,4.25,0.02288099378347397,0.875,8,1.0,0.75,0.25,0.25,0.0
EVAL_COHORT2_ABLATION_IID_V2,2072001613a04a7f84dec07f3b67cedc,6712597026b859bcb5f54902d7bcb64a,S173964033,4,4,4,1,True,True,1,0.0,4.25,0.0716346763074398,0.625,8,0.75,0.5,-0.75,-0.75,-0.5
EVAL_COHORT2_ABLATION_IID_V2,2072001613a04a7f84dec07f3b67cedc,ba55eaee11884037ec851ff5e7c0f505,S173969553,5,5,4,1,False,True,1,0.6,4.8,0.1163608580827713,0.25,8,0.5,0.0,0.5,0.5,0.0
EVAL_COHORT2_ABLATION_IID_V2,20eb375a76d5469b9fe887ab25ef2429,c884bf601270edddc0b7ca3cf0dff4d9,S173967910,5,5,4,1,False,False,0,0.6,5.6,0.08184930682182312,0.25,8,0.25,0.25,0.5,0.75,0.25
EVAL_COHORT2_ABLATION_IID_V2,20eb375a76d5469b9fe887ab25ef2429,c99a5f7702cec170260e82e068552758,S173963465,5,5,4,1,False,False,0,1.0,5.8,0.02758639119565487,0.5,8,0.75,0.25,0.0,0.0,0.0
EVAL_COHORT2_ABLATION_IID_V2,20eb375a76d5469b9fe887ab25ef2429,d6f9e5375c71751d6d81a64c5d7f4d43,S173965459,5,5,4,1,False,True,2,0.2,4.6,0.04413658007979393,0.5,8,0.75,0.25,0.0,0.25,0.0
EVAL_COHORT2_ABLATION_IID_V2,2106a21a3fe649c99bae5eb2b9fc7092,1b02de3e8cd3115e695efa5379250339,S173963670,5,5,5,1,False,True,1,0.2,4.6,0.10158983618021011,0.375,8,0.75,0.0,0.2,0.4,0.2
EVAL_COHORT2_ABLATION_IID_V2,2106a21a3fe649c99bae5eb2b9fc7092,5fbbce7481a31fbc1918156d300f92e8,S173970772,4,4,4,-1,False,False,0,0.5,4.75,0.021924683824181557,0.25,8,0.5,0.0,-0.75,-1.75,-1.0
EVAL_COHORT2_ABLATION_IID_V2,2106a21a3fe649c99bae5eb2b9fc7092,94b6b57cbcac7527edea059890c7a3ce,S173960611,5,5,5,1,False,False,0,0.8,5.2,0.010959811508655548,1.0,8,1.0,1.0,0.4,0.8,-0.20000000000000007
EVAL_COHORT2_ABLATION_IID_V2,23052afad9ce4a86af949f6c6a59e5d3,025d0224cedc748fbbaad6e2f0ac465a,S173970136,5,5,5,-1,False,False,0,0.8,5.4,-0.06718960404396057,0.25,8,0.5,0.0,0.6,1.0,0.19999999999999996
EVAL_COHORT2_ABLATION_IID_V2,23052afad9ce4a86af949f6c6a59e5d3,115962a5c402945bb2afe008a64746a5,S173963801,5,5,5,1,False,False,0,0.8,5.4,0.14719116687774658,0.625,8,0.25,1.0,0.4,0.4,0.0
EVAL_COHORT2_ABLATION_IID_V2,23052afad9ce4a86af949f6c6a59e5d3,1592b04ea9741c4d40d54525d184ec81,S173970856,4,4,4,1,False,True,1,0.5,4.75,0.001410648226737976,0.25,8,0.5,0.0,0.25,0.5,0.0
EVAL_COHORT2_ABLATION_IID_V2,238b6e30b57947d8a6726f6998e0778f,63516cde066a6876461f6c7b0bb98b24,S173970527,4,4,4,1,True,True,1,0.0,4.5,0.08334353566169739,0.5,8,0.25,0.75,-0.5,-1.25,-0.5
EVAL_COHORT2_ABLATION_IID_V2,238b6e30b57947d8a6726f6998e0778f,81a3cdd64ed116911de52db9fcd7afda,S173967910,4,4,4,1,False,True,1,0.25,4.75,0.08169205859303474,0.625,8,0.75,0.5,0.5,1.0,0.5
EVAL_COHORT2_ABLATION_IID_V2,238b6e30b57947d8a6726f6998e0778f,b4265ac29f613a26cfea8a3d191db0bd,S173968672,4,4,4,-1,False,True,1,0.25,4.25,0.022912636399269104,0.625,8,0.5,0.75,0.0,0.25,0.0
EVAL_COHORT2_ABLATION_IID_V2,23aa5e35ff484ed4a9b06e38d96d3adf,1ceb4d5b693e6f0bec4c34d22a97c876,S173969613,4,4,4,-1,False,True,1,0.25,4.25,0.020366618409752846,0.125,8,0.25,0.0,-0.5,-1.5,-0.75
EVAL_COHORT2_ABLATION_IID_V2,23aa5e35ff484ed4a9b06e38d96d3adf,3082548bfe954690d4179dec9f39646e,S173969661,5,5,5,1,False,True,1,0.4,4.8,0.07718238234519958,0.75,8,0.5,1.0,0.6,1.0,0.19999999999999996
EVAL_COHORT2_ABLATION_IID_V2,23aa5e35ff484ed4a9b06e38d96d3adf,cecaf4ba7adc34aa9151921a88cb1469,S173964181,5,5,5,1,True,True,2,0.0,4.2,0.026318684220314026,0.625,8,0.5,0.75,-0.2,0.8,0.4
EVAL_COHORT2_ABLATION_IID_V2,263292eb8855449794312436a8c8c36a,0e2fc997c8f2e0f25b25a260b4ee2183,S173963214,5,5,5,1,False,True,2,0.2,4.4,0.08750016987323761,0.875,8,0.75,1.0,0.4,0.4,0.0
EVAL_COHORT2_ABLATION_IID_V2,263292eb8855449794312436a8c8c36a,26c1a8c816ebdfb41a3acad5391e891e,S173966629,5,5,5,1,True,True,2,0.0,3.8,0.061378609389066696,0.25,8,0.5,0.0,0.6,0.8,0.6
EVAL_COHORT2_ABLATION_IID_V2,263292eb8855449794312436a8c8c36a,a24bc5a49d5fef51b46840518a60d480,S173960604,5,5,5,1,False,True,1,0.4,5.2,0.13519354164600372,0.125,8,0.25,0.0,0.2,0.4,0.19999999999999996
EVAL_COHORT2_ABLATION_IID_V2,282b42af558842ad83e8f845213281e9,a299631b9e4c4f5856d47f86aa514b4d,S173967479,4,4,3,1,False,True,1,0.25,4.25,0.008292688056826591,1.0,8,1.0,1.0,0.0,0.3333333333333333,-0.3333333333333333
EVAL_COHORT2_ABLATION_IID_V2,282b42af558842ad83e8f845213281e9,da263974185a73074e06dfa3285b48da,S173970634,4,4,3,1,False,True,1,0.25,4.25,0.04673350229859352,0.375,8,0.5,0.25,-0.3333333333333333,-0.6666666666666666,-0.3333333333333333
EVAL_COHORT2_ABLATION_IID_V2,282b42af558842ad83e8f845213281e9,fd056911824326730581dabea69813cc,S173960604,5,5,3,1,False,True,1,0.6,4.6,0.047273118048906326,1.0,8,1.0,1.0,0.3333333333333333,0.3333333333333333,0.0
EVAL_COHORT2_ABLATION_IID_V2,28d31306b0804850a53c6603c6a360f0,17029d849ba0e4e37cf185f56f24b886,S173966664,5,5,5,1,False,True,2,0.2,4.4,-0.014555566012859344,0.5,8,0.5,0.5,0.6,1.4,0.39999999999999997
EVAL_COHORT2_ABLATION_IID_V2,28d31306b0804850a53c6603c6a360f0,5bd5200f8b294f07cc6843dcda98b429,S173968029,5,5,5,1,False,True,1,0.4,4.6,0.013010768219828606,0.75,8,0.5,1.0,0.4,0.6,0.19999999999999996
EVAL_COHORT2_ABLATION_IID_V2,28d31306b0804850a53c6603c6a360f0,cbb505f4adcbe04629592bbc2cce2559,S173966519,5,5,5,1,False,False,0,1.0,6.6,0.15310385823249817,0.375,8,0.5,0.25,0.2,0.2,0.0
EVAL_COHORT2_ABLATION_IID_V2,2aae9a39901f4ef39ca8b00cb8706d3c,3266ffc8d5367c240442efe570a2b75d,S173968979,5,5,5,-1,False,False,0,0.8,6.2,-0.04569028317928314,0.375,8,0.75,0.0,0.2,0.6,0.19999999999999996
EVAL_COHORT2_ABLATION_IID_V2,2aae9a39901f4ef39ca8b00cb8706d3c,6d932f36fe64e3e92c30a8c2129d5cdf,S173963798,5,5,5,-1,False,False,0,0.6,5.0,-0.04285874217748642,0.75,8,1.0,0.5,1.0,1.8,0.4
EVAL_COHORT2_ABLATION_IID_V2,2aae9a39901f4ef39ca8b00cb8706d3c,83d6b412caeaebbc60f208edcf5c1185,S173962805,4,4,4,-1,False,False,0,1.0,5.75,-0.009760027751326561,0.75,8,0.75,0.75,0.75,1.0,0.0
EVAL_COHORT2_ABLATION_IID_V2,2b88e34668f2400fb067b790b1632296,604882e6529b7cfa4a1f41e919655bea,S173960185,5,5,5,-1,False,False,0,0.8,6.2,-0.021469254046678543,0.625,8,0.75,0.5,-0.2,-0.2,0.19999999999999996
EVAL_COHORT2_ABLATION_IID_V2,2b88e34668f2400fb067b790b1632296,de9947f6af5a8672be4736be91ba7a4a,S173964506,5,5,5,1,False,False,0,1.0,6.2,0.09936316311359406,0.375,8,0.75,0.0,0.4,0.8,0.0
EVAL_COHORT2_ABLATION_IID_V2,2b88e34668f2400fb067b790b1632296,e92d93b92090d5f6dd088ef203528812,S173961892,5,5,5,-1,False,False,0,1.0,6.2,-0.061028771102428436,0.375,8,0.5,0.25,0.4,0.4,0.0
EVAL_COHORT2_ABLATION_IID_V2,2ba24b5346f64b239dc01f666377ed14,a41c01f853fd7baf99a8d39d4ab20d14,S173968279,5,5,5,1,False,True,2,0.2,4.0,0.16357727348804474,0.0,8,0.0,0.0,0.2,0.2,0.0
EVAL_COHORT2_ABLATION_IID_V2,2ba24b5346f64b239dc01f666377ed14,c9b633fa2b7a034de1b58f46616fad8f,S173970516,5,5,5,1,False,False,0,0.8,6.0,0.08815261721611023,0.875,8,0.75,1.0,0.4,0.6,0.19999999999999996
EVAL_COHORT2_ABLATION_IID_V2,2ba24b5346f64b239dc01f666377ed14,d6296d66a536d1430e50e729dfdbb541,S173961230,4,4,4,1,False,False,0,0.75,5.75,0.19615215063095093,0.0,8,0.0,0.0,0.25,0.0,0.25
EVAL_COHORT2_ABLATION_IID_V2,2bbc2f7c7b5d4410bb884deca8ba0865,21f08128502a9a5c15437fcb05969d61,S173962935,5,5,5,1,False,True,2,0.2,4.2,0.005208905786275864,1.0,8,1.0,1.0,0.2,0.6,0.39999999999999997
EVAL_COHORT2_ABLATION_IID_V2,2bbc2f7c7b5d4410bb884deca8ba0865,d2e8566e39d9287edbec704b5b1fe562,S173965522,5,5,5,-1,False,False,0,1.0,6.4,-0.045727647840976715,0.0,8,0.0,0.0,-0.6,-1.2,-0.4
EVAL_COHORT2_ABLATION_IID_V2,2bbc2f7c7b5d4410bb884deca8ba0865,fcc4e79926a0cbad25ff51b02fa4f019,S173967336,5,5,5,1,False,True,1,0.6,5.2,0.017151374369859695,0.375,8,0.5,0.25,0.2,0.2,0.0
EVAL_COHORT2_ABLATION_IID_V2,2bcdd838f17e48ad8384c50713086b5c,252490856d66b0feb7253d0c29e4cbcf,S173963971,5,5,5,1,False,True,2,0.2,4.2,0.03549601137638092,0.75,8,1.0,0.5,0.0,1.0,0.39999999999999997
EVAL_COHORT2_ABLATION_IID_V2,2bcdd838f17e48ad8384c50713086b5c,919dd66ac64d581909d00729a98351fc,S173961435,5,5,5,-1,False,True,2,0.2,4.4,0.11889039725065231,0.75,8,0.75,0.75,-0.4,-0.6,-0.4
EVAL_COHORT2_ABLATION_IID_V2,2bcdd838f17e48ad8384c50713086b5c,e3530804d72710d121152f7d6786f37b,S173964430,4,4,4,1,True,True,2,0.0,4.0,0.16113875806331635,0.375,8,0.5,0.25,0.75,2.0,1.0
EVAL_COHORT2_ABLATION_IID_V2,2c868604207e4320b86b4d8eb7071564,40442c85ba1e12e3e9a06d4729eaa209,S173964738,5,5,5,1,False,True,2,0.2,4.6,0.01319519430398941,0.875,8,0.75,1.0,0.2,0.2,0.0
EVAL_COHORT2_ABLATION_IID_V2,2c868604207e4320b86b4d8eb7071564,c59726f6d6529316b7f58b7e95031d69,S173967113,5,5,5,1,True,True,2,0.0,3.8,-0.06276839226484299,1.0,8,1.0,1.0,-0.2,-0.4,-0.2
EVAL_COHORT2_ABLATION_IID_V2,2c868604207e4320b86b4d8eb7071564,d7df21cca011f706da2be7391e6048d4,S173967096,5,5,5,-1,False,True,1,0.6,5.4,-0.032077763229608536,0.25,8,0.25,0.25,-0.2,-0.6,-0.39999999999999997
EVAL_COHORT2_ABLATION_IID_V2,2cab61565d7a4252a05ed9740a177d08,6c7a8dac98428b96985d5bf0d6051987,S173968580,4,4,4,1,False,False,0,1.0,6.25,0.13658232241868973,1.0,8,1.0,1.0,0.5,0.5,0.0
EVAL_COHORT2_ABLATION_IID_V2,2cab61565d7a4252a05ed9740a177d08,7c754ec2f19ee9c717617dc2ef5acb98,S173968054,4,4,4,1,False,False,0,1.0,5.75,0.1452130377292633,0.5,8,0.75,0.25,0.75,0.75,0.0
EVAL_COHORT2_ABLATION_IID_V2,2cab61565d7a4252a05ed9740a177d08,a43914160b4f456f4e6027f5321edefb,S173961283,4,4,4,-1,False,False,0,1.0,6.5,-0.04222269915044308,0.625,8,0.5,0.75,-0.25,-0.25,0.0
EVAL_COHORT2_ABLATION_IID_V2,2cca6757b2874f46ab22e995c3848753,5030b8fc167c34066f877428a7ed7009,S173961013,5,5,5,1,True,True,2,0.0,4.0,-0.0038673747330904007,1.0,8,1.0,1.0,0.4,0.4,0.0
EVAL_COHORT2_ABLATION_IID_V2,2cca6757b2874f46ab22e995c3848753,53dce777c41bfe3d5a9f52aed97e4459,S173968394,5,5,5,1,False,True,1,0.6,5.8,0.10459383577108383,0.625,8,0.25,1.0,-0.2,-1.0,-0.39999999999999997
EVAL_COHORT2_ABLATION_IID_V2,2cca6757b2874f46ab22e995c3848753,a8bd80dd1fa51e0bdaeb45679ff7a3df,S173968782,5,5,5,1,False,False,0,0.8,5.6,0.15602566301822662,0.75,8,0.75,0.75,0.4,0.6,0.19999999999999996
EVAL_COHORT2_ABLATION_IID_V2,2f3fae09ab9441c9b9e1cb38de465c19,7b31038a03f73b69639b332bd2cb687c,S173964740,5,5,4,1,False,True,1,0.6,4.8,0.09180125594139099,0.875,8,0.75,1.0,0.5,0.5,0.0
EVAL_COHORT2_ABLATION_IID_V2,2f3fae09ab9441c9b9e1cb38de465c19,89d5a332ac6205765c424a13bcef9e44,S173961630,4,4,4,1,True,True,2,0.0,4.25,0.0865472387522459,0.625,8,0.75,0.5,0.0,0.0,0.0
EVAL_COHORT2_ABLATION_IID_V2,2f3fae09ab9441c9b9e1cb38de465c19,d15188f40de937716c917e8439f1ea09,S173966666,4,4,4,1,False,False,0,0.75,5.75,0.151559017598629,0.375,8,0.75,0.0,0.5,0.5,0.25
EVAL_COHORT2_ABLATION_IID_V2,2feebf59a6624b639e8e5ff5caaed405,1e03ba7b79759981d59a69e1a4647519,S173964541,5,5,5,1,False,True,1,0.6,4.6,0.07953865826129913,0.75,8,0.75,0.75,0.2,0.2,0.0
EVAL_COHORT2_ABLATION_IID_V2,2feebf59a6624b639e8e5ff5caaed405,6c9a61bc9ac7bee9b77d1f88e75973e1,S173964047,5,5,5,1,True,True,1,0.0,4.0,-0.0031088143587112427,0.75,8,0.5,1.0,0.2,0.2,0.2
EVAL_COHORT2_ABLATION_IID_V2,2feebf59a6624b639e8e5ff5caaed405,f52992dbdd66390d1d38fcc7048735d5,S173966502,5,5,5,1,False,False,0,0.8,5.0,0.04093334823846817,0.625,8,0.75,0.5,0.4,0.0,-0.20000000000000007
EVAL_COHORT2_ABLATION_IID_V2,3135a988c39e465fa7dcb8b734171923,1a5b95f2c84c36e04a2d743f2d8fedcb,S173968713,5,5,5,1,True,True,2,0.0,4.6,0.05676894634962082,0.875,8,0.75,1.0,-0.2,-0.2,0.2
EVAL_COHORT2_ABLATION_IID_V2,3135a988c39e465fa7dcb8b734171923,2d3ef136db4b90c395c608ab9aa059d6,S173970426,5,5,5,-1,False,True,1,0.6,4.8,-0.003420252352952957,0.0,8,0.0,0.0,0.4,-0.2,-0.39999999999999997
EVAL_COHORT2_ABLATION_IID_V2,3135a988c39e465fa7dcb8b734171923,9a255845f2b5f06a5da63ec86226f794,S173969798,5,5,5,1,False,False,0,1.0,5.8,0.160654678940773,0.375,8,0.25,0.5,0.6,0.6,0.0
EVAL_COHORT2_ABLATION_IID_V2,34cc135f0ff942c98d39b9d123f6433f,7795d5447b935f80f255f5e8585465eb,S173961435,5,5,5,-1,False,False,0,1.0,6.6,-0.02257668599486351,0.875,8,1.0,0.75,0.0,0.0,0.0
EVAL_COHORT2_ABLATION_IID_V2,34cc135f0ff942c98d39b9d123f6433f,dbcfeb4ae5213ff5bee8243a4f1ffa27,S173968599,5,5,5,-1,False,False,0,1.0,6.6,-0.0854128748178482,0.125,8,0.0,0.25,0.2,0.4,0.0
EVAL_COHORT2_ABLATION_IID_V2,34cc135f0ff942c98d39b9d123f6433f,e7e7bd76a5295cde0eb5858866fec2f4,S173969047,5,5,5,1,False,False,0,0.6,5.2,0.09923462569713593,0.25,8,0.25,0.25,0.4,0.4,0.20000000000000007
EVAL_COHORT2_ABLATION_IID_V2,3705bb9831d6473c8da0f792308b7733,825d8f361d8d4c66923a77f75a8adfbd,S173963824,5,5,4,-1,False,True,2,0.2,4.6,-0.054770465940237045,0.875,8,0.75,1.0,0.5,1.0,0.5
EVAL_COHORT2_ABLATION_IID_V2,3705bb9831d6473c8da0f792308b7733,9b667f563c1eee9bf266d12d6d428170,S173968979,4,4,4,-1,False,False,0,0.75,5.75,-0.012171484529972076,0.625,8,0.5,0.75,0.0,-0.25,-0.25
EVAL_COHORT2_ABLATION_IID_V2,3705bb9831d6473c8da0f792308b7733,ef9257230ea92e024ff7e9a8e5747f49,S173962272,4,4,4,1,False,True,1,0.25,4.0,0.139538012444973,0.125,8,0.25,0.0,-0.5,-0.5,-0.5
EVAL_COHORT2_ABLATION_IID_V2,3789a2797b6242fab8af7fa0cc691e0a,95cb608224b48d5255cea4b334ae38c7,S173960966,5,5,5,-1,False,True,1,0.2,4.0,0.020682988688349724,0.25,8,0.5,0.0,0.0,0.2,0.0
EVAL_COHORT2_ABLATION_IID_V2,3789a2797b6242fab8af7fa0cc691e0a,aca81efff928645aaf0df93b65906e26,S173960188,5,5,5,1,False,True,2,0.2,4.4,0.1026657298207283,0.25,8,0.25,0.25,0.4,1.4,0.39999999999999997
EVAL_COHORT2_ABLATION_IID_V2,3789a2797b6242fab8af7fa0cc691e0a,e56940143de04087d3ebe65135040630,S173968825,5,5,5,-1,False,True,1,0.4,5.0,-0.09732405096292496,0.125,8,0.0,0.25,0.2,0.6,0.19999999999999996
EVAL_COHORT2_ABLATION_IID_V2,37b79cbfea7e467db9e487d7136d5074,1169939a47c9a03044f8ac5493f2ff8e,S173962805,5,5,5,-1,False,True,1,0.6,5.2,-0.040698833763599396,0.625,8,0.75,0.5,0.6,1.6,0.4
EVAL_COHORT2_ABLATION_IID_V2,37b79cbfea7e467db9e487d7136d5074,17f7ae57eeb04e59f4d8ad9d2466cb0c,S173970453,5,5,5,-1,False,True,1,0.2,4.0,-0.013665681704878807,0.25,8,0.25,0.25,-0.4,-1.0,-0.8
EVAL_COHORT2_ABLATION_IID_V2,37b79cbfea7e467db9e487d7136d5074,9688ebcb79d69c73fa3d7b4d375b654b,S173968845,5,5,5,1,False,False,0,0.6,4.6,0.15638986229896545,0.75,8,0.75,0.75,0.2,0.2,-0.39999999999999997
EVAL_COHORT2_ABLATION_IID_V2,380a80e0cd3b4d20b7927211769034e8,3ec24a414c520c7fb27ce851fc5535c7,S173963805,5,5,5,1,False,True,1,0.4,5.2,0.10265742242336273,0.125,8,0.25,0.0,0.2,0.6,0.4
EVAL_COHORT2_ABLATION_IID_V2,380a80e0cd3b4d20b7927211769034e8,585af19a45e5e6eabf3da11303e1a070,S173963999,5,5,5,1,False,False,0,1.0,7.0,0.10499757528305054,0.5,8,0.5,0.5,-0.2,-0.2,0.0
EVAL_COHORT2_ABLATION_IID_V2,380a80e0cd3b4d20b7927211769034e8,f17df1c0da4399defa00f32d60867df4,S173960245,5,5,5,-1,False,True,2,0.2,4.2,-0.050108395516872406,0.0,8,0.0,0.0,0.0,0.0,0.0
EVAL_COHORT2_ABLATION_IID_V2,3c0f00fc2ca2425fad3b5c977c21ff1e,2ab05e41fb67871b9800c251cdff7001,S173969628,5,5,5,-1,False,True,2,0.2,4.2,-0.06805935502052307,0.125,8,0.0,0.25,-0.4,-0.6,-0.4
EVAL_COHORT2_ABLATION_IID_V2,3c0f00fc2ca2425fad3b5c977c21ff1e,38065068518d9066b712646879bf2977,S173965562,5,5,5,1,False,False,0,1.0,5.8,0.0655338391661644,0.0,8,0.0,0.0,-0.2,-0.2,0.0
EVAL_COHORT2_ABLATION_IID_V2,3c0f00fc2ca2425fad3b5c977c21ff1e,c7166462d556729e69027e9a3e05dee3,S173962152,5,5,5,1,False,True,1,0.4,5.0,0.09691689908504486,0.375,8,0.5,0.25,0.2,0.6,0.19999999999999996
EVAL_COHORT2_ABLATION_IID_V2,3c17c4ae532546678137ee8f3cd3385f,5c029f88e67f5cb59bf5c0b5be526216,S173967711,5,5,5,1,False,True,2,0.2,4.0,0.094975046813488,0.75,8,0.75,0.75,0.2,0.2,0.0
EVAL_COHORT2_ABLATION_IID_V2,3c17c4ae532546678137ee8f3cd3385f,c4c163a4e8bbde2466513e28cbf88bfd,S173963257,5,5,5,-1,False,True,1,0.2,4.4,0.017965707927942276,0.125,8,0.25,0.0,-0.2,-0.8,-0.6000000000000001
EVAL_COHORT2_ABLATION_IID_V2,3c17c4ae532546678137ee8f3cd3385f,d3060cda7b2c85e7b9e024d0f75d2728,S173966903,5,5,5,1,False,True,1,0.6,5.0,0.04574550315737724,0.125,8,0.25,0.0,0.0,-0.8,-0.6
EVAL_COHORT2_ABLATION_IID_V2,3d81390596064ebeaef1ee0f471e0083,101c65a59cf9e4338d2cd26beeac5800,S173961061,5,5,5,-1,False,True,2,0.2,4.4,0.02393115498125553,0.125,8,0.0,0.25,0.4,0.4,0.2
EVAL_COHORT2_ABLATION_IID_V2,3d81390596064ebeaef1ee0f471e0083,cf0a4d35eac160b462f2f33ef1139e9a,S173968744,5,5,5,1,False,False,0,1.0,5.8,0.15453262627124786,0.125,8,0.0,0.25,0.2,0.2,0.0
EVAL_COHORT2_ABLATION_IID_V2,3d81390596064ebeaef1ee0f471e0083,daa63156ba803aa3406a9aeb05991000,S173964563,4,4,4,1,False,False,0,1.0,6.5,0.056176500394940376,0.5,8,0.5,0.5,0.25,0.25,0.0
EVAL_COHORT2_ABLATION_IID_V2,3da49ae4eaee4c33ae00fed7b2e9e8ae,34d3e22b5a9e8c357b07b6a7c5a86393,S173967960,5,5,5,-1,False,True,2,0.2,4.2,-0.038673222064971924,0.625,8,0.5,0.75,0.6,0.6,0.0
EVAL_COHORT2_ABLATION_IID_V2,3da49ae4eaee4c33ae00fed7b2e9e8ae,78027d8dbc636e85337c187bd69741f6,S173969432,4,4,4,1,False,False,0,0.75,5.25,0.10853224620223045,0.875,8,0.75,1.0,0.0,0.0,0.0
EVAL_COHORT2_ABLATION_IID_V2,3da49ae4eaee4c33ae00fed7b2e9e8ae,fb093c91cb698c1d409f268718fe2c00,S173968960,5,5,5,1,True,True,2,0.0,4.4,0.07150360196828842,0.25,8,0.5,0.0,-1.0,-1.6,-0.4
EVAL_COHORT2_ABLATION_IID_V2,40cfc5d1ad07409dab9cc78cee309cbd,4cb04680172c42d941b0489d8a53d9f1,S173966997,5,5,5,-1,False,True,2,0.2,5.0,-4.819035530090332e-05,0.375,8,0.25,0.5,0.0,0.0,0.0
EVAL_COHORT2_ABLATION_IID_V2,40cfc5d1ad07409dab9cc78cee309cbd,5ffe0f8c40a2cbdafe6c66b73a38d082,S173964407,5,5,5,1,False,True,1,0.6,4.8,0.10768737643957138,0.375,8,0.25,0.5,0.6,1.2,0.4
EVAL_COHORT2_ABLATION_IID_V2,40cfc5d1ad07409dab9cc78cee309cbd,73c9bda022ec67eaa885ea13fe8f9cd0,S173962714,5,5,5,-1,False,True,2,0.2,4.6,0.11674932390451431,0.375,8,0.5,0.25,-0.6,-0.8,-0.4
EVAL_COHORT2_ABLATION_IID_V2,426305a26cf1415fa08ecb14a8303cdb,045fbc8b83b52983517586881aa62241,S173966054,5,5,5,-1,False,True,1,0.6,5.6,-0.10263273119926453,0.25,8,0.5,0.0,0.0,0.0,0.0
EVAL_COHORT2_ABLATION_IID_V2,426305a26cf1415fa08ecb14a8303cdb,9709e0f4c687d24ae88b0a90b6f75e9a,S173965209,5,5,5,1,False,True,1,0.6,5.2,0.11791259795427322,0.0,8,0.0,0.0,-0.4,-0.4,0.0
EVAL_COHORT2_ABLATION_IID_V2,426305a26cf1415fa08ecb14a8303cdb,a9d7f3654724df6c015479c865b567ab,S173962872,5,5,5,1,False,False,0,0.8,5.4,0.1403866559267044,0.75,8,0.75,0.75,0.6,0.8,0.19999999999999996
EVAL_COHORT2_ABLATION_IID_V2,46eb7191911d4c8f99ac104c8d4ba0c6,20010788d2f229556f86f8d94ac26bb0,S173961659,5,5,4,1,False,True,1,0.6,5.0,0.024452969431877136,0.75,8,0.75,0.75,0.5,1.0,0.5
EVAL_COHORT2_ABLATION_IID_V2,46eb7191911d4c8f99ac104c8d4ba0c6,8457a6cdfe83db4ec572d3a5f89cfb24,S173964804,4,4,4,-1,False,True,1,0.5,5.0,0.04981217347085476,0.75,8,0.5,1.0,-1.0,-3.75,-1.5
EVAL_COHORT2_ABLATION_IID_V2,46eb7191911d4c8f99ac104c8d4ba0c6,e44d3c57a451be5ae92943cf401c56ba,S173969164,4,4,4,1,False,False,0,1.0,6.25,0.1266273744404316,0.875,8,1.0,0.75,0.25,0.25,0.0
EVAL_COHORT2_ABLATION_IID_V2,475fca19523d43e7a7537c0c56b674b4,5f1934a0e16a7edaffb7a3b7a7d852a6,S173962190,5,5,5,-1,False,True,1,0.6,5.6,-0.02649667114019394,0.5,8,0.5,0.5,0.2,0.2,0.0
EVAL_COHORT2_ABLATION_IID_V2,475fca19523d43e7a7537c0c56b674b4,8c2a03ec69ad80f8b76872164aa9570b,S173963670,5,5,5,-1,False,True,1,0.2,4.2,0.06804198026657104,0.25,8,0.25,0.25,-0.4,-0.6,-0.6000000000000001
EVAL_COHORT2_ABLATION_IID_V2,475fca19523d43e7a7537c0c56b674b4,c4b90a52b533e564835d71d51dac2f4b,S173969972,5,5,5,1,False,True,1,0.2,4.0,0.09987644851207733,0.5,8,0.75,0.25,0.6,1.6,0.6000000000000001
EVAL_COHORT2_ABLATION_IID_V2,49f72004b30d42d09b3fcd729ada9717,0c91b7f55ca1df6659f8c47e5cfe2517,S173968027,5,5,5,-1,False,True,1,0.4,4.8,-0.06348266452550888,0.75,8,0.5,1.0,0.2,0.4,0.19999999999999996
EVAL_COHORT2_ABLATION_IID_V2,49f72004b30d42d09b3fcd729ada9717,68ceb7b5354b80c2252c3fbdfb37c9d8,S173961282,5,5,5,-1,False,True,2,0.2,4.0,-0.002664392814040184,0.125,8,0.25,0.0,0.0,-0.2,-0.2
EVAL_COHORT2_ABLATION_IID_V2,49f72004b30d42d09b3fcd729ada9717,bdd1a49c7f80c1e4de7a69f2cd64a3ff,S173961108,5,5,5,1,False,True,1,0.6,5.4,0.1110934317111969,0.25,8,0.5,0.0,0.2,0.2,0.0
EVAL_COHORT2_ABLATION_IID_V2,4a02554e68d84c37bfb4b9146100c90e,136814dc6f52b0d5da49daec915d28e8,S173960611,5,5,5,1,False,False,0,1.0,6.2,0.18208952248096466,0.125,8,0.0,0.25,0.6,0.8,0.0
EVAL_COHORT2_ABLATION_IID_V2,4a02554e68d84c37bfb4b9146100c90e,3707c89e812ef6343be155af9dff05bb,S173964624,5,5,5,-1,False,True,1,0.4,4.6,0.013005461543798447,0.25,8,0.25,0.25,-0.4,-0.6,-0.4
EVAL_COHORT2_ABLATION_IID_V2,4a02554e68d84c37bfb4b9146100c90e,7717ab2f30fe216a1079a9784f90d07d,S173960245,5,5,5,1,True,True,2,0.0,4.0,0.020799312740564346,0.75,8,0.75,0.75,0.4,0.4,0.4
EVAL_COHORT2_ABLATION_IID_V2,540bc71e983a4df2aac756485355cd38,7afb4af83416c0e0206a66f1140c58e2,S173970028,5,5,4,1,False,False,0,1.0,6.6,0.20996619760990143,0.0,8,0.0,0.0,0.0,0.0,0.0
EVAL_COHORT2_ABLATION_IID_V2,540bc71e983a4df2aac756485355cd38,be3a8c13c38dcfd8163016d055a204e0,S173969478,5,5,4,-1,False,False,0,0.6,5.0,-0.028801726177334785,0.125,8,0.25,0.0,0.5,1.0,0.0
EVAL_COHORT2_ABLATION_IID_V2,540bc71e983a4df2aac756485355cd38,d3ab305deded928abb4f12f02ce3a9e9,S173960376,5,5,4,1,False,False,0,1.0,6.0,0.08181565999984741,0.5,8,0.5,0.5,0.5,0.75,0.0
EVAL_COHORT2_ABLATION_IID_V2,5725749247204afbbe46bc82c20c8253,59f7c238c966074f0ad2c991f3f48d7b,S173971045,5,5,5,1,False,True,2,0.2,4.8,0.05770048126578331,0.0,8,0.0,0.0,-1.0,-1.4,-0.4
EVAL_COHORT2_ABLATION_IID_V2,5725749247204afbbe46bc82c20c8253,7938dfbba79c0cafe3c9ebff377e8736,S173962804,5,5,5,-1,False,True,2,0.2,4.4,-0.08901020884513855,0.625,8,0.5,0.75,0.6,1.0,0.39999999999999997
EVAL_COHORT2_ABLATION_IID_V2,5725749247204afbbe46bc82c20c8253,88e6af90a093026d161997d3c08342fa,S173966210,5,5,5,1,False,True,1,0.4,4.6,0.041193075478076935,0.75,8,0.5,1.0,0.4,0.4,0.0
EVAL_COHORT2_ABLATION_IID_V2,592d5e010e8149bd8a8432ac98a30a85,11cb99fcc73b2f0b943d7d64096218b8,S173965752,5,5,5,1,False,True,2,0.2,4.0,0.01576666720211506,0.375,8,0.75,0.0,-0.4,-0.4,0.0
EVAL_COHORT2_ABLATION_IID_V2,592d5e010e8149bd8a8432ac98a30a85,5dcfd5674293ab4932dcdbeabdfa5c79,S173970684,5,5,5,1,False,False,0,1.0,6.6,0.0749690979719162,1.0,8,1.0,1.0,-0.2,0.0,0.0
EVAL_COHORT2_ABLATION_IID_V2,592d5e010e8149bd8a8432ac98a30a85,e22da8431150f8a7978eb7e5d13dcdd9,S173966805,5,5,5,1,False,False,0,1.0,6.0,0.13118170201778412,0.5,8,1.0,0.0,0.2,0.4,0.0
EVAL_COHORT2_ABLATION_IID_V2,59847654a52e46e990355888c0cecf41,23fb14d795158231d0fbeab11e5452b7,S173961546,4,4,4,1,False,False,0,0.5,5.0,0.02894177846610546,0.5,8,0.5,0.5,-0.5,-0.5,-0.5
EVAL_COHORT2_ABLATION_IID_V2,59847654a52e46e990355888c0cecf41,8eb1dcf7d52d9df3f9f93acb4485851b,S173965594,5,5,5,1,False,False,0,1.0,5.2,0.11541158705949783,0.125,8,0.25,0.0,0.8,1.0,0.0
EVAL_COHORT2_ABLATION_IID_V2,59847654a52e46e990355888c0cecf41,ca6e9af4011a56f33a2d6011f33a9d4f,S173960657,4,4,4,-1,False,True,1,0.25,5.25,-0.02394123189151287,0.125,8,0.25,0.0,0.0,0.25,0.25
EVAL_COHORT2_ABLATION_IID_V2,5ad5ec32ecb0441da1b059f223824805,96fbaeb4947f2f6e948214618fb2cf06,S173964119,5,5,5,1,False,True,1,0.4,4.8,0.09160411357879639,0.125,8,0.0,0.25,0.0,0.2,0.0
EVAL_COHORT2_ABLATION_IID_V2,5ad5ec32ecb0441da1b059f223824805,a8e60d8d6a641fd12645e51299cab067,S173966656,5,5,5,1,True,True,2,0.0,4.0,0.09427927434444427,0.125,8,0.0,0.25,0.2,0.2,0.2
EVAL_COHORT2_ABLATION_IID_V2,5ad5ec32ecb0441da1b059f223824805,b6fa12ee50989b4a1d2557d56fee62c9,S173969554,5,5,5,1,False,True,1,0.4,4.8,0.09779258817434311,0.875,8,0.75,1.0,0.2,0.2,0.19999999999999996
EVAL_COHORT2_ABLATION_IID_V2,5c5b701b0b8842f480e15c73ef0b4bef,264a3986b4d29075f892f8f8deb7a064,S173963781,5,5,5,1,False,True,2,0.2,3.8,-0.12318851053714752,0.875,8,1.0,0.75,-0.6,-1.6,-1.2
EVAL_COHORT2_ABLATION_IID_V2,5c5b701b0b8842f480e15c73ef0b4bef,be8fdefe3491f37afd3f1bde312060bd,S173963785,5,5,5,1,False,True,2,0.2,4.0,0.08313071727752686,0.625,8,0.75,0.5,0.0,-0.2,0.0
EVAL_COHORT2_ABLATION_IID_V2,5c5b701b0b8842f480e15c73ef0b4bef,fc2075be07431491d54272889b75d348,S173963999,5,5,5,1,False,False,0,1.0,6.8,0.10049857199192047,0.75,8,0.5,1.0,-0.4,-0.4,0.0
EVAL_COHORT2_ABLATION_IID_V2,5d4e936a96ba43efae9a5e8b1fb0458e,1fcd9d556bbc5a75ea63d9e81c63641f,S173966162,5,5,5,1,False,True,1,0.6,5.2,0.06502983719110489,0.125,8,0.25,0.0,0.2,0.2,0.0
EVAL_COHORT2_ABLATION_IID_V2,5d4e936a96ba43efae9a5e8b1fb0458e,a17a4573e35f7f17889211895ec75328,S173965047,5,5,5,1,False,True,2,0.2,4.4,0.07565676420927048,0.75,8,0.75,0.75,-0.2,-0.2,0.0
EVAL_COHORT2_ABLATION_IID_V2,5d4e936a96ba43efae9a5e8b1fb0458e,fb531d722541d7652f80b56b5dabec99,S173960859,5,5,5,1,False,True,1,0.6,6.0,0.11304733902215958,0.875,8,0.75,1.0,-0.4,-0.4,0.0
EVAL_COHORT2_ABLATION_IID_V2,5d863290a2b848edaf008551bfdff31d,09555c5a56daa9f69ab7438d226f79c9,S173962679,5,5,4,-1,False,False,0,0.8,6.2,-0.08150176703929901,0.375,8,0.5,0.25,0.25,0.25,0.25
EVAL_COHORT2_ABLATION_IID_V2,5d863290a2b848edaf008551bfdff31d,4af69663cc8c14240e4b4b3d84d067c8,S173964541,5,5,4,1,False,False,0,1.0,6.2,0.10139266401529312,0.5,8,0.5,0.5,0.75,0.75,0.0
EVAL_COHORT2_ABLATION_IID_V2,5d863290a2b848edaf008551bfdff31d,95406393879d16b6459a972646a67361,S173967096,5,5,4,1,False,True,1,0.6,4.8,0.0007483921945095062,0.5,8,0.5,0.5,0.0,-0.25,-0.5
EVAL_COHORT2_ABLATION_IID_V2,5d9499114ae74641ae8079f79c72ff38,0acbc76eaa798ab9913781e593570951,S173962123,5,5,5,1,False,True,1,0.6,5.2,0.15055066347122192,0.125,8,0.25,0.0,0.2,0.0,0.0
EVAL_COHORT2_ABLATION_IID_V2,5d9499114ae74641ae8079f79c72ff38,6bb09c7f41e81c459f359306a5d5c879,S173960657,5,5,5,-1,False,True,1,0.6,5.4,0.0655382052063942,0.75,8,0.5,1.0,0.0,-0.6,-0.39999999999999997
EVAL_COHORT2_ABLATION_IID_V2,5d9499114ae74641ae8079f79c72ff38,92b65ded20ff1b3a9983ec4eaa270dab,S173960276,5,5,5,-1,False,True,1,0.2,4.0,0.05042313039302826,0.0,8,0.0,0.0,-0.4,-0.8,-0.8
EVAL_COHORT2_ABLATION_IID_V2,5edb0126768940d4a400e70b435d4946,955720a3758779e41e5158b64ab8ff38,S173964344,4,4,4,1,True,True,2,0.0,4.75,0.13926567882299423,0.25,8,0.5,0.0,0.0,0.0,0.0
EVAL_COHORT2_ABLATION_IID_V2,5edb0126768940d4a400e70b435d4946,a7b46738191299aadb0742f14e932b3d,S173967611,4,4,4,1,True,True,1,0.0,4.5,0.07151190005242825,0.5,8,0.5,0.5,-1.0,-1.5,-0.5
EVAL_COHORT2_ABLATION_IID_V2,5edb0126768940d4a400e70b435d4946,ad0ce7389e0978522422d991f6108159,S173965746,5,5,4,1,False,True,2,0.2,4.4,0.10331229865550995,0.625,8,0.25,1.0,1.0,1.25,0.5
EVAL_COHORT2_ABLATION_IID_V2,5f0704fba1854b499b0ff9f073419b2a,388c5205354d7605efbd10bd454a6aad,S173970469,5,5,5,1,False,True,1,0.6,4.2,0.0481155663728714,0.75,8,0.75,0.75,0.6,1.0,0.0
EVAL_COHORT2_ABLATION_IID_V2,5f0704fba1854b499b0ff9f073419b2a,9fda9dc6ac776f8f7ab5fd39ce63ae46,S173968388,5,5,5,-1,False,True,2,0.2,4.8,0.013302464038133621,0.75,8,0.75,0.75,0.4,1.2,0.39999999999999997
EVAL_COHORT2_ABLATION_IID_V2,5f0704fba1854b499b0ff9f073419b2a,e523f07956126b944d6e5d10b8c7815f,S173962199,5,5,5,-1,False,True,1,0.6,5.4,-0.0655004233121872,0.125,8,0.25,0.0,0.6,0.6,0.0
EVAL_COHORT2_ABLATION_IID_V2,60b7ad6cda1a41d98233adf9deee0355,28365bbe074265134a78be03fd046284,S173967311,5,5,4,1,False,False,0,0.8,5.6,0.09372016787528992,0.625,8,0.5,0.75,0.0,0.0,0.25
EVAL_COHORT2_ABLATION_IID_V2,60b7ad6cda1a41d98233adf9deee0355,7e0b756e3b2c0e11c9d188837382db86,S173963824,4,4,4,1,True,True,2,0.0,4.0,0.08600601181387901,0.0,8,0.0,0.0,0.75,2.25,1.0
EVAL_COHORT2_ABLATION_IID_V2,60b7ad6cda1a41d98233adf9deee0355,af0612f5aaedf2dc6ea11b31acda1813,S173970941,4,4,4,1,False,True,1,0.5,4.75,0.10158072412014008,0.375,8,0.5,0.25,0.5,1.25,0.5
EVAL_COHORT2_ABLATION_IID_V2,6176b9b9a8394daaa417eee5918f7946,18d0b200b8bf46410e21b92ffb803d1a,S173960324,5,5,5,-1,False,True,1,0.6,5.8,0.05856199562549591,1.0,8,1.0,1.0,0.4,0.8,0.4
EVAL_COHORT2_ABLATION_IID_V2,6176b9b9a8394daaa417eee5918f7946,760a5a0df72585bf4ab4fef0c3de8235,S173964073,5,5,5,-1,False,True,1,0.2,4.4,0.04621533304452896,0.0,8,0.0,0.0,-0.6,-2.0,-1.0
EVAL_COHORT2_ABLATION_IID_V2,6176b9b9a8394daaa417eee5918f7946,f1dec0279eed09fe9c9e19d148d50cc3,S173970516,5,5,5,1,False,False,0,1.0,6.4,0.14334282279014587,0.125,8,0.25,0.0,0.4,0.4,0.0
EVAL_COHORT2_ABLATION_IID_V2,6222e3f43bfc4186902758b5ba3a6e5d,1a7737cf2372b3573f588b35494b4525,S173962320,5,5,5,-1,False,True,1,0.2,4.2,0.013150665909051895,0.25,8,0.5,0.0,0.2,0.6,0.0
EVAL_COHORT2_ABLATION_IID_V2,6222e3f43bfc4186902758b5ba3a6e5d,68cc985007469196216b082510ce36d2,S173965806,5,5,5,-1,False,True,1,0.6,4.8,0.059908270835876465,0.875,8,0.75,1.0,0.2,0.2,0.0
EVAL_COHORT2_ABLATION_IID_V2,6222e3f43bfc4186902758b5ba3a6e5d,d7f919084bc567135014eecb0f4785a7,S173961880,5,5,5,1,False,True,1,0.2,4.4,0.11033719033002853,0.5,8,1.0,0.0,0.0,0.4,0.2
EVAL_COHORT2_ABLATION_IID_V2,652e00c9cd984a23a6313ff3e81634c1,4b6a9272605d233de4f602c95b9c590a,S173969432,5,5,4,1,False,False,0,0.4,4.8,0.10466834902763367,0.5,8,0.5,0.5,0.25,0.5,0.5
EVAL_COHORT2_ABLATION_IID_V2,652e00c9cd984a23a6313ff3e81634c1,df65006e26f95cbb829a99c876d80d82,S173964039,5,5,4,1,False,True,1,0.6,5.2,0.1474526822566986,0.125,8,0.25,0.0,0.25,1.25,0.5
EVAL_COHORT2_ABLATION_IID_V2,652e00c9cd984a23a6313ff3e81634c1,fc32ca8e50004bc02e66c2c084957118,S173966502,4,4,4,1,False,False,0,1.0,6.0,0.09010867774486542,0.625,8,0.75,0.5,0.0,0.0,0.0
EVAL_COHORT2_ABLATION_IID_V2,658f422a9d2a40bc9861dd08e2fdfcd4,1106769fdaebf5c6d1ed479cc0c31003,S173966210,5,5,5,1,True,True,2,0.0,4.4,0.10529226809740067,0.0,8,0.0,0.0,0.8,2.0,1.0
EVAL_COHORT2_ABLATION_IID_V2,658f422a9d2a40bc9861dd08e2fdfcd4,475399f22be1f359debae8bd9959f9d8,S173962274,5,5,5,1,False,True,1,0.4,4.8,0.10021452605724335,0.5,8,0.5,0.5,0.0,0.4,0.19999999999999996
EVAL_COHORT2_ABLATION_IID_V2,658f422a9d2a40bc9861dd08e2fdfcd4,d8086d12b10770862a0f52c3e10f1281,S173967540,5,5,5,1,False,True,1,0.4,4.2,0.13831749558448792,0.5,8,0.5,0.5,0.4,1.2,0.19999999999999996
EVAL_COHORT2_ABLATION_IID_V2,660104a6cfee40d3a8d93a21748a6b9c,27b7471efb8f1eb37730af64fa21f6fe,S173970751,4,4,3,1,True,True,2,0.0,3.5,0.0453147916123271,0.5,8,0.5,0.5,0.3333333333333333,0.3333333333333333,0.0
EVAL_COHORT2_ABLATION_IID_V2,660104a6cfee40d3a8d93a21748a6b9c,54cb12a1823cd883ab9ab28d2a4ce816,S173963134,5,5,4,-1,False,True,2,0.2,4.4,0.003959041088819504,0.0,8,0.0,0.0,0.25,0.25,0.0
EVAL_COHORT2_ABLATION_IID_V2,660104a6cfee40d3a8d93a21748a6b9c,c4d41b281c9a661f7137e154d648eba3,S173969028,4,4,4,1,False,False,0,1.0,6.25,-0.012564100325107574,0.5,8,0.75,0.25,-0.75,-3.0,-1.5
EVAL_COHORT2_ABLATION_IID_V2,66e508e5de1b498095c5f5c09b875b49,00a5420c1f11c94160f43d5e5f0c92fd,S173963463,4,4,4,1,False,True,1,0.5,5.75,0.041010450571775436,0.875,8,0.75,1.0,0.25,0.75,0.5
EVAL_COHORT2_ABLATION_IID_V2,66e508e5de1b498095c5f5c09b875b49,0bc0535e39d2cb6f5d53340a161136dc,S173968544,4,4,4,-1,False,False,0,1.0,7.0,-0.0614275224506855,0.375,8,0.5,0.25,0.0,0.0,0.0
EVAL_COHORT2_ABLATION_IID_V2,66e508e5de1b498095c5f5c09b875b49,2cb10fab3d8a546487cc2f0e985cfa65,S173967096,4,4,4,1,False,True,1,0.25,4.75,0.03405602369457483,0.25,8,0.25,0.25,-0.75,-1.5,-0.75
EVAL_COHORT2_ABLATION_IID_V2,6763a1bbcdfa4cd8864243989207c812,07fec90567ac4930d711f5e72725728c,S173967096,5,4,4,1,False,False,0,1.0,5.5,0.05648639798164368,0.375,8,0.5,0.25,0.25,0.5,0.0
EVAL_COHORT2_ABLATION_IID_V2,6763a1bbcdfa4cd8864243989207c812,40a46586ebbfe26fd14b8052fc4764d5,S173964558,5,4,4,-1,False,False,0,1.0,6.25,-0.04271195828914642,0.25,8,0.5,0.0,0.5,0.5,0.0
EVAL_COHORT2_ABLATION_IID_V2,6763a1bbcdfa4cd8864243989207c812,da6af400cd52bb45963768cf2cb6ce0f,S173960898,4,4,4,-1,False,False,0,1.0,6.25,0.04314393922686577,0.25,8,0.5,0.0,-0.5,-1.5,-0.5
EVAL_COHORT2_ABLATION_IID_V2,67ff8e650630450698a75184551482d6,197367d7c7f1d5079111e6737206ea33,S173960611,5,5,5,1,False,False,0,1.0,6.4,0.19036903977394104,0.125,8,0.25,0.0,0.2,0.2,0.0
EVAL_COHORT2_ABLATION_IID_V2,67ff8e650630450698a75184551482d6,627b28d334f5ea49c0c8a0747af7d1ca,S173961013,5,5,5,1,True,True,2,0.0,3.8,0.01754038780927658,0.75,8,0.75,0.75,0.4,1.2,0.8
EVAL_COHORT2_ABLATION_IID_V2,67ff8e650630450698a75184551482d6,ddfc4feb03fce3bb9d23016198a28b84,S173964593,4,4,4,1,False,False,0,1.0,6.25,0.05512240156531334,0.75,8,0.75,0.75,0.0,0.0,0.0
EVAL_COHORT2_ABLATION_IID_V2,68b4e31b65b64d83be41e04eece26d74,4a8f82b118db42548187375329ac0e9c,S173967876,5,5,5,1,False,True,1,0.2,4.2,0.020262159407138824,0.0,8,0.0,0.0,-0.4,-1.4,-0.6000000000000001
EVAL_COHORT2_ABLATION_IID_V2,68b4e31b65b64d83be41e04eece26d74,5657c45a1e426e7fc3cbd3c2ce958a59,S173961048,5,5,5,1,False,True,2,0.2,4.4,0.14077064394950867,0.75,8,0.75,0.75,0.6,1.0,0.39999999999999997
EVAL_COHORT2_ABLATION_IID_V2,68b4e31b65b64d83be41e04eece26d74,eb0ecc8cde0de63fc1cd0bd189a0597f,S173963524,5,5,5,1,False,False,0,1.0,6.6,0.07999031990766525,0.125,8,0.0,0.25,-0.2,-0.2,-0.19999999999999996
EVAL_COHORT2_ABLATION_IID_V2,69e62a7747064de7a434a9fd6fa1f5ed,9cdcd5a458b2beccd8424f850da30c00,S173961529,4,4,4,1,False,False,0,0.75,5.5,0.11961329728364944,0.25,8,0.25,0.25,0.0,-0.75,-0.5
EVAL_COHORT2_ABLATION_IID_V2,69e62a7747064de7a434a9fd6fa1f5ed,aa7419fb5b99d027295e6d19ad8637d1,S173965005,4,4,4,-1,False,True,1,0.5,5.25,0.0880507379770279,0.5,8,0.5,0.5,-0.5,-0.5,-0.25
EVAL_COHORT2_ABLATION_IID_V2,69e62a7747064de7a434a9fd6fa1f5ed,e222408f28661bd61e3a995b3892018b,S173963731,4,4,4,1,False,True,1,0.5,4.75,0.05636646458879113,0.875,8,0.75,1.0,0.5,0.25,-0.25
EVAL_COHORT2_ABLATION_IID_V2,6b58aa6db2af40419144a6a676daac6a,1107b2f55826651057b3800899872c03,S173963822,5,5,4,-1,False,True,1,0.4,5.0,-0.014209993183612823,0.5,8,0.75,0.25,0.25,0.25,0.25
EVAL_COHORT2_ABLATION_IID_V2,6b58aa6db2af40419144a6a676daac6a,4920931927f56e52a0921639aac1833a,S173967548,4,4,4,1,False,False,0,1.0,5.75,0.04937717877328396,0.125,8,0.25,0.0,0.0,0.0,0.0
EVAL_COHORT2_ABLATION_IID_V2,6b58aa6db2af40419144a6a676daac6a,8049267819d8d5b18aa4e9e86fd56243,S173965298,4,4,4,1,False,True,1,0.25,4.75,0.187076598405838,0.125,8,0.25,0.0,0.5,1.25,0.75
EVAL_COHORT2_ABLATION_IID_V2,71220eb744dc483fad8a94f976a224ea,10366b84791d2128fc9213b08f077b45,S173967655,5,5,5,1,False,True,1,0.6,5.6,0.12694138288497925,0.5,8,1.0,0.0,0.6,1.0,0.4
EVAL_COHORT2_ABLATION_IID_V2,71220eb744dc483fad8a94f976a224ea,1915656de1d6fbeccdde5b02999684c7,S173967452,5,5,5,1,False,False,0,1.0,6.2,0.0756860226392746,0.25,8,0.5,0.0,0.6,0.6,0.0
EVAL_COHORT2_ABLATION_IID_V2,71220eb744dc483fad8a94f976a224ea,57f6073fb437038b1400d01f830212b9,S173964395,5,5,5,1,False,True,2,0.2,4.2,0.11070012301206589,0.875,8,0.75,1.0,0.6,0.6,0.0
EVAL_COHORT2_ABLATION_IID_V2,72aef618db2b4a968d91396253a86d41,2b0e016601568ae2a9548d9aaebc7da0,S173962081,4,4,4,1,False,False,0,1.0,5.25,0.14806276559829712,0.625,8,0.5,0.75,0.75,0.75,0.0
EVAL_COHORT2_ABLATION_IID_V2,72aef618db2b4a968d91396253a86d41,d0545c20773b958c6e8ee036649a969a,S173970188,4,4,4,1,False,False,0,0.75,5.25,0.0780083816498518,0.5,8,0.5,0.5,0.25,0.0,-0.25
EVAL_COHORT2_ABLATION_IID_V2,72aef618db2b4a968d91396253a86d41,d6b2cbd37a7e3e57b6cf277d2a557adc,S173969047,4,4,4,-1,False,True,1,0.5,4.5,0.11861571297049522,0.375,8,0.5,0.25,-0.75,-2.25,-1.5
EVAL_COHORT2_ABLATION_IID_V2,72f7f49c27fd47e7bb32632b16f4ca58,5ba265f4ff27038e1047a918912787cd,S173966108,4,4,4,-1,False,False,0,0.25,4.25,0.16475088894367218,0.875,8,0.75,1.0,-0.75,-1.0,-1.0
EVAL_COHORT2_ABLATION_IID_V2,72f7f49c27fd47e7bb32632b16f4ca58,d71579530827e1204db2069d28719bb0,S173970751,5,5,5,-1,False,False,0,0.6,4.6,0.02919791266322136,0.625,8,0.75,0.5,-0.2,-0.4,-0.8
EVAL_COHORT2_ABLATION_IID_V2,72f7f49c27fd47e7bb32632b16f4ca58,ff4fd9a31a209f77b55cf7960118f199,S173968161,5,5,5,1,False,True,2,0.2,4.6,-0.02604774199426174,0.75,8,1.0,0.5,0.6,2.0,0.8
EVAL_COHORT2_ABLATION_IID_V2,73d9f5f8f6e845d8808bf2873d585c25,100ef524d7d34c1436fbe3dedceee305,S173964740,4,4,4,-1,False,True,1,0.5,5.0,0.0238468199968338,0.0,8,0.0,0.0,0.0,0.0,0.0
EVAL_COHORT2_ABLATION_IID_V2,73d9f5f8f6e845d8808bf2873d585c25,125c860b2e4ad42e1e9be6624a89213e,S173963781,4,4,4,1,False,False,0,0.25,4.25,-0.09021870419383049,0.875,8,1.0,0.75,0.0,-0.5,-0.25
EVAL_COHORT2_ABLATION_IID_V2,73d9f5f8f6e845d8808bf2873d585c25,eafa246a45f1c0554bf14f3652b1c1eb,S173965642,4,4,4,-1,False,False,0,1.0,7.0,-0.12245510146021843,0.0,8,0.0,0.0,0.0,0.0,0.0
EVAL_COHORT2_ABLATION_IID_V2,763c3c7d5fe94f2facad06bce6d613a7,5b6dffefc08b6370c7463a1d2d9bcece,S173960593,5,5,5,1,False,True,1,0.6,4.8,0.18111607432365417,0.375,8,0.75,0.0,0.2,1.2,0.4
EVAL_COHORT2_ABLATION_IID_V2,763c3c7d5fe94f2facad06bce6d613a7,730e92f838da6dc9e1b97747c2ebf8b0,S173961880,5,5,5,-1,False,True,1,0.4,4.6,0.11123157292604446,0.125,8,0.0,0.25,-0.8,-1.8,-1.4
EVAL_COHORT2_ABLATION_IID_V2,763c3c7d5fe94f2facad06bce6d613a7,bace758cdc0959540f584041699a4066,S173967876,5,5,5,1,False,False,0,0.2,4.6,-0.005062784068286419,0.625,8,0.75,0.5,0.0,0.0,0.0
EVAL_COHORT2_ABLATION_IID_V2,764a91c767bb456c8e9905f2e0a80e63,139b57a0e7cde54b032af5c1e80f14fa,S173968987,5,5,5,1,False,False,0,0.2,4.2,-0.023188551887869835,0.75,8,0.75,0.75,0.2,0.4,0.2
EVAL_COHORT2_ABLATION_IID_V2,764a91c767bb456c8e9905f2e0a80e63,32178ef2b3d4f72d1175ff310637f179,S173970680,5,5,5,1,True,True,2,0.0,4.2,0.04970245808362961,0.375,8,0.5,0.25,0.0,0.0,0.0
EVAL_COHORT2_ABLATION_IID_V2,764a91c767bb456c8e9905f2e0a80e63,d9cc76ca4e3cdc5450f4cfa1cf5d6d50,S173969047,5,5,5,-1,False,True,2,0.2,4.0,0.0796537771821022,0.5,8,0.5,0.5,0.8,1.4,0.39999999999999997
EVAL_COHORT2_ABLATION_IID_V2,77f28d14dc114260bc8b679480462579,006bb1be10361c3680a1afe2d644e865,S173966999,5,5,5,1,False,True,1,0.6,5.4,0.07448931783437729,0.875,8,1.0,0.75,0.6,1.2,0.4
EVAL_COHORT2_ABLATION_IID_V2,77f28d14dc114260bc8b679480462579,852ad93a04c0ce8357c4feea5388b965,S173968328,5,5,5,1,True,True,2,0.0,4.2,0.023641332983970642,0.5,8,0.5,0.5,-0.6,-1.0,-0.4
EVAL_COHORT2_ABLATION_IID_V2,77f28d14dc114260bc8b679480462579,febc5e149b29ce4ceadbf0c8cb6490e2,S173964328,5,5,5,1,True,True,2,0.0,3.6,0.1032053679227829,0.625,8,0.5,0.75,-0.2,-0.4,-0.2
EVAL_COHORT2_ABLATION_IID_V2,7acc7effd5ad4fb3bb9abee93d5b2ccb,5d14f25d20e205108ad3d3e8994a7775,S173968434,5,5,5,1,False,False,0,1.0,6.4,0.16394846141338348,0.125,8,0.25,0.0,-0.2,-0.2,0.0
EVAL_COHORT2_ABLATION_IID_V2,7acc7effd5ad4fb3bb9abee93d5b2ccb,9183ca6bc2e52533d39281f488886852,S173965578,5,5,5,1,False,True,1,0.6,5.2,-0.00010853540152311325,0.25,8,0.25,0.25,-0.2,-1.0,-0.19999999999999996
EVAL_COHORT2_ABLATION_IID_V2,7acc7effd5ad4fb3bb9abee93d5b2ccb,97c7218d6a3350becad551222019e479,S173964292,5,5,5,1,False,False,0,1.0,6.2,0.0983993336558342,1.0,8,1.0,1.0,-0.4,-0.6,-0.19999999999999996
EVAL_COHORT2_ABLATION_IID_V2,7c2ce04790544a34a0216874b3f60bbb,76a70f0962e472977589ba5cf9e7586d,S173964062,5,5,5,1,False,True,1,0.4,4.6,0.041792597621679306,0.875,8,1.0,0.75,0.4,0.6,0.4
EVAL_COHORT2_ABLATION_IID_V2,7c2ce04790544a34a0216874b3f60bbb,e235a6697427df331b52ecac3bc05505,S173967526,5,5,5,1,True,True,2,0.0,3.8,-0.0048582833260297775,0.875,8,0.75,1.0,-0.2,-0.2,-0.2
EVAL_COHORT2_ABLATION_IID_V2,7c2ce04790544a34a0216874b3f60bbb,e9f548693e15beba556e8218677199be,S173969675,5,5,5,1,False,False,0,1.0,7.0,0.13229870796203613,0.625,8,0.5,0.75,0.0,0.0,0.0
EVAL_COHORT2_ABLATION_IID_V2,7f88033f5c3a409e943f00528f2a5aac,0f1238b75e4fd0eac26aa430bead1a23,S173970696,5,5,5,1,True,True,2,0.0,3.6,0.01822604611515999,0.5,8,0.25,0.75,-0.2,-1.4,-0.6
EVAL_COHORT2_ABLATION_IID_V2,7f88033f5c3a409e943f00528f2a5aac,7ab0bc1368eb1f271a5b59128e160869,S173960453,5,5,5,1,False,True,1,0.4,4.6,0.14145895838737488,0.0,8,0.0,0.0,-0.4,-1.4,-0.6000000000000001
EVAL_COHORT2_ABLATION_IID_V2,7f88033f5c3a409e943f00528f2a5aac,93fcec36a63721b7857f9b156714fefb,S173960310,5,5,5,-1,False,True,1,0.4,5.2,0.04420136660337448,0.875,8,0.75,1.0,0.2,0.2,0.0
EVAL_COHORT2_ABLATION_IID_V2,809d90445f3a4c59bc58fee6d17c8079,6afb3fdede96c2b80e0da34ed70c0094,S173970367,5,5,5,1,False,False,0,0.8,6.2,0.11619461327791214,0.75,8,1.0,0.5,-0.6,-0.8,-0.20000000000000007
EVAL_COHORT2_ABLATION_IID_V2,809d90445f3a4c59bc58fee6d17c8079,7dc45a833e09811341e0ad255bec03b2,S173961487,5,5,5,-1,False,False,0,0.8,5.6,-0.042587362229824066,0.125,8,0.25,0.0,-0.2,-0.6,-0.6000000000000001
EVAL_COHORT2_ABLATION_IID_V2,809d90445f3a4c59bc58fee6d17c8079,c08f14762a834fa8da17403edaf72d06,S173969613,5,5,5,-1,False,True,2,0.2,4.4,0.03147357702255249,0.625,8,0.75,0.5,0.6,0.8,0.2
EVAL_COHORT2_ABLATION_IID_V2,8163647d9a6f49dc8658d146ebb103d1,0800f0b11e21c89182c4ba2e119031a5,S173964210,5,5,5,1,False,True,1,0.4,4.8,0.031284354627132416,1.0,8,1.0,1.0,0.6,1.0,0.6
EVAL_COHORT2_ABLATION_IID_V2,8163647d9a6f49dc8658d146ebb103d1,5eb283d77acd0c9ba9696a9e27282ace,S173970760,5,5,5,-1,False,True,1,0.2,4.2,-0.10869204998016357,0.25,8,0.0,0.5,0.0,0.4,-0.2
EVAL_COHORT2_ABLATION_IID_V2,8163647d9a6f49dc8658d146ebb103d1,7d809e4b2deaba543866520c4a902ea5,S173969164,5,5,5,1,False,False,0,1.0,6.4,0.1366460770368576,0.75,8,1.0,0.5,0.2,0.2,0.0
EVAL_COHORT2_ABLATION_IID_V2,81b4785e9b0e4022b6c089323dc2b57b,477060b6d40df55fff28b02afc0a9a7e,S173969613,5,5,5,-1,False,True,1,0.6,5.4,-0.055833738297224045,0.125,8,0.25,0.0,0.2,0.0,0.0
EVAL_COHORT2_ABLATION_IID_V2,81b4785e9b0e4022b6c089323dc2b57b,b9f328dc3cbeb0c5e192a38fed457a2d,S173965259,5,5,5,1,True,True,2,0.0,3.8,-0.0028462670743465424,0.875,8,0.75,1.0,0.4,0.6,0.2
EVAL_COHORT2_ABLATION_IID_V2,81b4785e9b0e4022b6c089323dc2b57b,d2a4435741f71bd01d5aea9f6fc1288f,S173961476,4,4,4,1,False,True,1,0.5,5.5,0.10170125775039196,0.625,8,0.75,0.5,0.0,-0.25,0.0
EVAL_COHORT2_ABLATION_IID_V2,8516b28b5b764875a29620be50d6b762,406f8e5ce812a3003aead4a64b847243,S173964506,5,5,4,-1,False,True,2,0.2,4.0,0.018230298534035683,0.625,8,0.5,0.75,-0.25,-0.75,-0.5
EVAL_COHORT2_ABLATION_IID_V2,8516b28b5b764875a29620be50d6b762,9078d0967b4efbe0fbafb734597112c5,S173968027,5,5,4,1,True,True,2,0.0,4.6,0.004528069868683815,0.375,8,0.5,0.25,0.25,0.25,0.5
EVAL_COHORT2_ABLATION_IID_V2,8516b28b5b764875a29620be50d6b762,d4efc0f1b6ef92b28907a92c29aae357,S173964033,5,5,4,-1,False,True,1,0.2,4.0,0.01609291508793831,0.25,8,0.25,0.25,0.25,0.5,0.0
EVAL_COHORT2_ABLATION_IID_V2,8734d5099cc54f64955597d74b1967f4,3516fa1d6464f03395d82d3ec488b4c8,S173961214,5,5,5,1,False,True,1,0.4,5.0,0.11102654039859772,0.625,8,0.5,0.75,0.4,0.4,0.0
EVAL_COHORT2_ABLATION_IID_V2,8734d5099cc54f64955597d74b1967f4,442912e6a92cc4cc639b1daced1078f4,S173961602,5,5,5,-1,False,True,1,0.6,5.8,0.05866660922765732,0.75,8,0.5,1.0,0.2,0.4,0.4
EVAL_COHORT2_ABLATION_IID_V2,8734d5099cc54f64955597d74b1967f4,55bc2c117e2db880963d788d99726325,S173962376,5,5,5,-1,False,True,1,0.2,4.0,0.06555980443954468,0.25,8,0.5,0.0,-0.2,-0.8,-0.8
EVAL_COHORT2_ABLATION_IID_V2,87ce33f110794df1b9bb8c68099dd2f4,41b1c778178419a77e122b4ff81578d3,S173967682,5,5,5,-1,False,False,0,1.0,5.6,-0.04761648178100586,0.625,8,0.5,0.75,0.2,0.4,-0.19999999999999996
EVAL_COHORT2_ABLATION_IID_V2,87ce33f110794df1b9bb8c68099dd2f4,b5e69445b8e5315b99ed41c76c3d4910,S173963957,5,5,5,1,False,True,2,0.2,4.6,0.16683363914489746,0.625,8,0.5,0.75,0.6,1.2,0.8
EVAL_COHORT2_ABLATION_IID_V2,87ce33f110794df1b9bb8c68099dd2f4,c447b1fc8c7f74ba0379b211aff07d2f,S173968115,5,5,5,-1,False,True,2,0.2,4.6,0.09982264786958694,0.75,8,0.75,0.75,-0.4,-0.4,0.0
EVAL_COHORT2_ABLATION_IID_V2,88f21de01b244713ac5e21118518e81d,4b5e72286aa8798c38e8670ab6a0344d,S173962190,4,4,4,-1,False,True,1,0.5,5.5,0.01742093823850155,0.875,8,0.75,1.0,0.0,0.0,0.0
EVAL_COHORT2_ABLATION_IID_V2,88f21de01b244713ac5e21118518e81d,d686ea9e4f969d683c2a7cc40c67304d,S173962964,4,4,4,1,True,True,2,0.0,3.75,0.006162170320749283,0.25,8,0.25,0.25,-0.5,-1.0,-0.5
EVAL_COHORT2_ABLATION_IID_V2,88f21de01b244713ac5e21118518e81d,df0b247e43c9266d23d204f84d213ec9,S173966210,4,4,4,1,True,True,2,0.0,3.5,0.04360157251358032,0.75,8,0.5,1.0,0.5,0.5,0.0
EVAL_COHORT2_ABLATION_IID_V2,8b352129645c4b8aaf502d81f4537285,1dd5d4f0cf5acf097cdb2a1bef1aece1,S173962514,5,5,5,1,False,True,2,0.2,4.4,0.0718628540635109,0.375,8,0.5,0.25,-0.2,-0.4,-0.4
EVAL_COHORT2_ABLATION_IID_V2,8b352129645c4b8aaf502d81f4537285,53b37e12385d2b9120fd45ba44d9e9a6,S173965718,5,5,5,-1,False,False,0,1.0,5.0,-0.004720762372016907,0.375,8,0.5,0.25,0.2,0.2,-0.4
EVAL_COHORT2_ABLATION_IID_V2,8b352129645c4b8aaf502d81f4537285,d69b1a027977cd3871a3d84c80cbe0b4,S173961487,5,5,5,1,True,True,2,0.0,3.4,0.10714679211378098,0.875,8,1.0,0.75,0.6,0.6,0.2
EVAL_COHORT2_ABLATION_IID_V2,8c265b2467ff44d097a352335a010e31,14668e2bedc8551633f8980ef8498a26,S173966664,5,5,4,1,False,True,1,0.4,4.8,-0.041732192039489746,0.75,8,0.75,0.75,1.0,1.75,0.75
EVAL_COHORT2_ABLATION_IID_V2,8c265b2467ff44d097a352335a010e31,9950f1dddb6f4afacaa94ce2e431d35e,S173965437,4,4,4,-1,False,True,1,0.5,5.0,-0.0540139377117157,0.5,8,0.75,0.25,0.75,0.75,0.25
EVAL_COHORT2_ABLATION_IID_V2,8c265b2467ff44d097a352335a010e31,c9c63baa8c477de62ac09a5f4cf68398,S173962424,5,5,4,1,False,True,1,0.6,5.0,-0.0006786398589611053,0.875,8,0.75,1.0,0.5,0.5,0.0
EVAL_COHORT2_ABLATION_IID_V2,8e5a87749c4547d68d91d127a29fc538,050b9ca3caa9c8008eae042d22bb91f8,S173968580,5,5,5,1,False,True,1,0.6,5.8,0.17011629045009613,0.5,8,0.5,0.5,0.4,0.8,0.4
EVAL_COHORT2_ABLATION_IID_V2,8e5a87749c4547d68d91d127a29fc538,4642728969eb0505bea7fc290353618f,S173968173,5,5,5,1,False,True,1,0.6,5.0,0.04162284731864929,0.625,8,0.75,0.5,0.4,0.6,0.20000000000000007
EVAL_COHORT2_ABLATION_IID_V2,8e5a87749c4547d68d91d127a29fc538,ea5fd9e37b1bf0df911681258d3c35f9,S173961337,5,5,5,1,True,True,2,0.0,4.0,0.06531472504138947,0.625,8,0.5,0.75,0.0,0.0,0.2
EVAL_COHORT2_ABLATION_IID_V2,8f2e22252e724d17aa6e293d00747ac5,5d984c0c830bbb14954886f0d9cdfea3,S173967063,5,5,5,1,False,False,0,0.8,5.6,0.14871028065681458,0.375,8,0.5,0.25,0.4,0.4,0.19999999999999996
EVAL_COHORT2_ABLATION_IID_V2,8f2e22252e724d17aa6e293d00747ac5,62530ab75397def64e03517373afed03,S173964501,5,5,5,-1,False,True,2,0.2,4.4,-0.007987468503415585,0.625,8,0.25,1.0,0.2,0.0,-0.2
EVAL_COHORT2_ABLATION_IID_V2,8f2e22252e724d17aa6e293d00747ac5,b9d36536b508b39aa3058a0c0abbe1f1,S173968713,5,5,5,1,False,True,2,0.2,4.2,0.1095767617225647,0.75,8,0.5,1.0,0.0,0.8,0.39999999999999997
EVAL_COHORT2_ABLATION_IID_V2,90a3f05e376d4926b5c0b84da0def190,79bcd13fc0a3cf9c94ea483775b064ea,S173966027,5,5,5,1,False,True,1,0.2,4.6,-0.020998366177082062,0.375,8,0.5,0.25,0.0,-0.4,0.0
EVAL_COHORT2_ABLATION_IID_V2,90a3f05e376d4926b5c0b84da0def190,9ad2b8664dda3f4367f3e896d0d6e4d2,S173961306,5,5,5,1,False,True,2,0.2,4.4,0.030541125684976578,0.625,8,0.75,0.5,-0.2,0.2,-0.2
EVAL_COHORT2_ABLATION_IID_V2,90a3f05e376d4926b5c0b84da0def190,d6e65d098a5336b9570f4f947d8ef309,S173962967,5,5,5,1,False,False,0,0.6,5.2,0.1938350647687912,0.125,8,0.25,0.0,0.6,1.0,0.20000000000000007
EVAL_COHORT2_ABLATION_IID_V2,96ba126500be4e25964bbf5fb0fdf917,0f940e80a632282982adc95f7aef2d97,S173961375,4,4,4,1,True,True,2,0.0,4.0,0.11379752308130264,0.0,8,0.0,0.0,0.25,0.5,0.5
EVAL_COHORT2_ABLATION_IID_V2,96ba126500be4e25964bbf5fb0fdf917,54e6157cdfa72c148cedd89454456f62,S173966959,4,4,4,-1,False,False,0,1.0,6.0,-0.002970900386571884,0.625,8,0.5,0.75,0.0,0.0,0.0
EVAL_COHORT2_ABLATION_IID_V2,96ba126500be4e25964bbf5fb0fdf917,d3c813d2531d5f8317ed8ed05e3f32e3,S173966165,5,5,4,1,False,False,0,0.4,4.4,0.10672353208065033,0.125,8,0.25,0.0,0.25,0.0,0.0
EVAL_COHORT2_ABLATION_IID_V2,98a9fe33e59e4491aae214ad26ca61d7,84c1ceeb9f8d75032f852fd1eb1e3299,S173967778,5,5,5,-1,False,False,0,1.0,6.2,-0.048148587346076965,0.375,8,0.5,0.25,0.6,0.6,0.0
EVAL_COHORT2_ABLATION_IID_V2,98a9fe33e59e4491aae214ad26ca61d7,857627c4977c78e8849186062f52810e,S173960185,5,5,5,-1,False,True,1,0.6,5.2,0.07011823356151581,0.125,8,0.0,0.25,0.2,0.2,0.0
EVAL_COHORT2_ABLATION_IID_V2,98a9fe33e59e4491aae214ad26ca61d7,d9d303903487ebf85413ecad642f8635,S173960341,5,5,5,1,True,True,2,0.0,4.4,0.011782020330429077,0.75,8,0.75,0.75,-0.2,0.2,0.2
EVAL_COHORT2_ABLATION_IID_V2,98fe1cdf7d1a44b68c5417fa05e95472,217f7d1f80085a73d64e7399994e99e4,S173963004,5,5,4,-1,False,True,2,0.2,4.8,0.0012333504855632782,0.625,8,0.5,0.75,0.25,0.5,0.0
EVAL_COHORT2_ABLATION_IID_V2,98fe1cdf7d1a44b68c5417fa05e95472,2ab46d96f2ae02bbb149d2db0432a05a,S173966805,4,4,4,1,False,True,1,0.5,5.25,0.1597098857164383,0.125,8,0.0,0.25,0.5,0.5,0.0
EVAL_COHORT2_ABLATION_IID_V2,98fe1cdf7d1a44b68c5417fa05e95472,590c301a9c24ac796ae164424e0f73d7,S173968526,5,5,4,1,False,True,1,0.2,4.4,0.03916994109749794,0.375,8,0.5,0.25,0.25,0.5,0.25
EVAL_COHORT2_ABLATION_IID_V2,9945de42732146689c545374dca8e76c,09cb5053f45c7db8bbf917fa784b0a42,S173966054,4,4,4,-1,False,True,1,0.5,5.0,-0.10268928483128548,0.5,8,0.75,0.25,0.5,0.5,0.0
EVAL_COHORT2_ABLATION_IID_V2,9945de42732146689c545374dca8e76c,622286ad96b5310e63be8e098cb14622,S173962527,5,5,5,-1,False,True,2,0.2,4.6,0.07905302941799164,0.875,8,0.75,1.0,-0.2,-0.2,0.0
EVAL_COHORT2_ABLATION_IID_V2,9945de42732146689c545374dca8e76c,64282bf18cfca229b09364d5665dcf45,S173970527,5,5,5,1,False,True,1,0.6,5.6,0.10462255775928497,0.625,8,0.5,0.75,0.2,0.4,0.0
EVAL_COHORT2_ABLATION_IID_V2,9b9386e30e854f77914dba4671f03b29,08e8da8abb6d4e8948db9b43b8ca5ad9,S173965139,5,5,5,-1,False,True,2,0.2,5.2,-0.08597889542579651,1.0,8,1.0,1.0,0.0,0.0,0.0
EVAL_COHORT2_ABLATION_IID_V2,9b9386e30e854f77914dba4671f03b29,f62cc32c12fb6e1edabdaaa1bef2cc53,S173968599,5,5,5,-1,False,False,0,1.0,6.8,-0.0461927205324173,0.125,8,0.0,0.25,-0.2,-0.4,0.0
EVAL_COHORT2_ABLATION_IID_V2,9b9386e30e854f77914dba4671f03b29,ff818763c06daea4802d37fab6265fb8,S173966814,5,5,5,1,False,False,0,0.8,5.2,0.039624497294425964,0.25,8,0.5,0.0,-0.4,-0.8,-0.4
EVAL_COHORT2_ABLATION_IID_V2,9e140bd79ff649e7aaaed57b583a0789,30a11a3d1957fd18216905102c5f1257,S173967997,4,4,4,-1,False,True,1,0.5,5.5,-0.09084498882293701,0.5,8,0.25,0.75,0.0,0.0,0.0
EVAL_COHORT2_ABLATION_IID_V2,9e140bd79ff649e7aaaed57b583a0789,d2a9936c3be26bcee37e2eeb7c6800d9,S173970188,5,5,4,1,False,False,0,1.0,6.8,0.10280738770961761,0.625,8,0.75,0.5,-0.25,-0.25,0.0
EVAL_COHORT2_ABLATION_IID_V2,9e140bd79ff649e7aaaed57b583a0789,d7ec784e631a335dbc7a3b50fd9da730,S173964785,4,4,4,1,False,False,0,1.0,6.5,0.09940065816044807,0.25,8,0.25,0.25,0.25,0.25,0.0
EVAL_COHORT2_ABLATION_IID_V2,9f6b36b3b4f941e08af23ca0a21e532b,80b301cd2d2f0b882fa5066f4953e061,S173964144,5,5,5,1,False,True,1,0.6,4.8,0.05846270173788071,0.75,8,0.75,0.75,0.8,1.4,0.4
EVAL_COHORT2_ABLATION_IID_V2,9f6b36b3b4f941e08af23ca0a21e532b,8b6c94db33eb6a22e8d8464e3c8d646f,S173963485,4,4,4,1,False,True,1,0.25,4.0,0.005454660393297672,0.75,8,0.5,1.0,0.75,0.75,0.25
EVAL_COHORT2_ABLATION_IID_V2,9f6b36b3b4f941e08af23ca0a21e532b,a1b55724526d8474ea1e56c66b3016d6,S173965592,5,5,5,-1,False,False,0,0.8,5.0,-0.03155742213129997,0.75,8,0.5,1.0,0.4,0.4,-0.20000000000000007
EVAL_COHORT2_ABLATION_IID_V2,a0d718c50de14767a39c48ce51ced848,756b0595a3e3a88eaf3e26e636992d30,S173970469,5,5,4,1,False,True,2,0.2,4.4,0.0026091160252690315,0.875,8,0.75,1.0,0.5,1.0,0.5
EVAL_COHORT2_ABLATION_IID_V2,a0d718c50de14767a39c48ce51ced848,f34276e664f7d7268a9f21882374d08d,S173962692,4,4,4,-1,False,True,1,0.25,4.5,0.06288562342524529,0.375,8,0.25,0.5,-0.25,-0.5,-0.25
EVAL_COHORT2_ABLATION_IID_V2,a0d718c50de14767a39c48ce51ced848,f6995cb2d874ae0ea950ec80dfe81c88,S173967336,4,4,4,1,False,True,1,0.5,5.5,0.023318675346672535,0.875,8,1.0,0.75,-0.25,0.0,0.5
EVAL_COHORT2_ABLATION_IID_V2,a39ccf595e0a486fab4f3a008879bff7,887ef756a2567213b519242e28f13939,S173961283,5,5,5,-1,False,False,0,1.0,6.4,-0.06646928191184998,0.875,8,1.0,0.75,0.4,0.6,0.0
EVAL_COHORT2_ABLATION_IID_V2,a39ccf595e0a486fab4f3a008879bff7,fbd25f9adf02a28e0fe4d869a9af24a2,S173970469,5,5,5,1,False,False,0,0.8,6.0,0.09491632878780365,1.0,8,1.0,1.0,0.2,0.2,0.19999999999999996
EVAL_COHORT2_ABLATION_IID_V2,a39ccf595e0a486fab4f3a008879bff7,fd0061fbd9af5463cc0d1f9982343680,S173962935,5,5,5,1,False,True,1,0.2,4.6,0.07936558127403259,0.125,8,0.25,0.0,-0.2,-0.4,0.0
EVAL_COHORT2_ABLATION_IID_V2,a3b328cc261f470b9d0434baec8ee0ea,38f6c1a9f7e39494ff7443c90afbfd5e,S173968418,5,5,5,-1,False,True,2,0.2,4.8,0.10319085419178009,0.75,8,0.5,1.0,-0.2,-1.2,-0.4
EVAL_COHORT2_ABLATION_IID_V2,a3b328cc261f470b9d0434baec8ee0ea,53f3d91d369e29c73669defabdc35444,S173961933,5,5,5,-1,False,False,0,0.8,5.8,-0.10576654225587845,0.125,8,0.25,0.0,0.6,0.6,0.0
EVAL_COHORT2_ABLATION_IID_V2,a3b328cc261f470b9d0434baec8ee0ea,d00f9cf88defb60cae080aff380edc03,S173961880,5,5,5,1,False,True,1,0.4,4.6,0.16172529757022858,0.625,8,0.5,0.75,0.0,0.6,0.19999999999999996
EVAL_COHORT2_ABLATION_IID_V2,a83a971b12914b0d8e68ec95be3e40de,14d2c0f159d323d7afe19d6326dee1f2,S173966794,5,5,5,-1,False,True,2,0.2,4.8,-0.016254635527729988,0.25,8,0.5,0.0,0.8,1.6,0.6000000000000001
EVAL_COHORT2_ABLATION_IID_V2,a83a971b12914b0d8e68ec95be3e40de,7f0e810c80e129296121d10a19c99e9d,S173969323,5,5,5,-1,False,True,1,0.6,4.8,-0.061230264604091644,0.875,8,0.75,1.0,-0.6,-0.8,-0.6
EVAL_COHORT2_ABLATION_IID_V2,a83a971b12914b0d8e68ec95be3e40de,a9df5d3b499d8f704e7424a0b2b1c786,S173966711,5,5,5,1,False,True,1,0.4,5.0,0.10819417983293533,0.625,8,0.5,0.75,0.6,1.2,0.6
EVAL_COHORT2_ABLATION_IID_V2,aaa8f0efa72b4741b36536410df13a5d,b6f3174bbe390133be5a8c9f603928ad,S173963785,5,5,5,-1,False,True,1,0.6,5.2,0.012961428612470627,0.625,8,0.5,0.75,0.2,-0.4,-0.39999999999999997
EVAL_COHORT2_ABLATION_IID_V2,aaa8f0efa72b4741b36536410df13a5d,e005094ece2e60664e7eba701d790e75,S173966711,5,5,5,1,False,True,2,0.2,4.2,0.11323292553424835,0.25,8,0.25,0.25,0.0,-0.8,-0.4
EVAL_COHORT2_ABLATION_IID_V2,aaa8f0efa72b4741b36536410df13a5d,fdcdbce47411690a2bc23cd651cf1767,S173963914,5,5,5,1,True,True,2,0.0,4.0,0.10690581053495407,0.5,8,0.25,0.75,0.6,2.2,0.8
EVAL_COHORT2_ABLATION_IID_V2,ac4b76c5632d405e98d3d3d3e8d6c253,0e4c6591138bfd657b5c695bf0f399ee,S173965047,5,5,5,1,False,True,1,0.6,5.4,0.13149353861808777,0.375,8,0.5,0.25,0.0,0.0,0.0
EVAL_COHORT2_ABLATION_IID_V2,ac4b76c5632d405e98d3d3d3e8d6c253,5d3bed2827b0c157eb9f77ffc7f45336,S173963190,5,5,5,1,False,True,1,0.4,4.4,0.04365082457661629,0.5,8,0.5,0.5,-0.4,-0.6,-0.4
EVAL_COHORT2_ABLATION_IID_V2,ac4b76c5632d405e98d3d3d3e8d6c253,993cc71102aada825aca750976058009,S173968599,5,5,5,-1,False,False,0,1.0,6.8,-0.08508662134408951,0.125,8,0.25,0.0,-0.2,-1.2,-0.4
EVAL_COHORT2_ABLATION_IID_V2,ace1e10279774b5196ad9e0560febf3f,05d8cfd28083ad3e68b9b5ecd5567da7,S173965343,5,5,5,1,False,True,1,0.6,6.0,0.09512791037559509,0.875,8,0.75,1.0,-0.2,0.4,0.4
EVAL_COHORT2_ABLATION_IID_V2,ace1e10279774b5196ad9e0560febf3f,175c7601b9d8b00c2454de094d9d4196,S173962805,5,5,5,-1,False,True,1,0.6,5.4,-0.10165537893772125,0.25,8,0.5,0.0,0.4,0.6,0.0
EVAL_COHORT2_ABLATION_IID_V2,ace1e10279774b5196ad9e0560febf3f,b70c68aba2e88d586176446c38c8fe46,S173963485,5,5,5,-1,False,True,2,0.2,4.8,-0.06284090876579285,0.125,8,0.25,0.0,0.0,0.4,0.39999999999999997
EVAL_COHORT2_ABLATION_IID_V2,af03068a99634ee9bce9e15fff67e658,030babb89439837a03277740da450fc6,S173965594,5,5,5,1,False,True,1,0.6,4.4,0.07230374217033386,1.0,8,1.0,1.0,0.6,1.6,0.4
EVAL_COHORT2_ABLATION_IID_V2,af03068a99634ee9bce9e15fff67e658,3c7245ad3f9d553f04b63de5fbfb377c,S173968789,5,5,5,1,False,True,1,0.4,4.2,0.05695236474275589,0.125,8,0.25,0.0,0.4,0.4,0.0
EVAL_COHORT2_ABLATION_IID_V2,af03068a99634ee9bce9e15fff67e658,cd3dfbcdec1ca42841b77a1cdcbe5e81,S173963306,5,5,5,1,False,True,2,0.2,4.0,0.05962631478905678,0.375,8,0.5,0.25,0.2,0.0,0.0
EVAL_COHORT2_ABLATION_IID_V2,b0230c1e5b0241ce9e8689ae43b7b0fd,a31630703a00881e2bd6642d42f95df4,S173970516,5,5,5,1,False,True,1,0.6,5.0,0.1018056869506836,0.375,8,0.5,0.25,0.4,0.6,0.20000000000000007
EVAL_COHORT2_ABLATION_IID_V2,b0230c1e5b0241ce9e8689ae43b7b0fd,b0341831c1f134157228e7d72b75ab46,S173962387,5,5,5,1,False,True,1,0.6,5.0,0.24466899037361145,0.125,8,0.25,0.0,0.2,1.0,0.4
EVAL_COHORT2_ABLATION_IID_V2,b0230c1e5b0241ce9e8689ae43b7b0fd,d0eb2fcc8cdab452fd906a292c8ce5ad,S173961811,5,5,5,1,False,False,0,0.6,5.0,0.0833653062582016,0.875,8,0.75,1.0,0.6,0.8,0.4
EVAL_COHORT2_ABLATION_IID_V2,b0a7234923824095bc910383dcee7acd,23b8a5eadee6d9f074ab3dc1879108e4,S173960982,5,5,4,-1,False,False,0,1.0,5.4,-0.0448906309902668,0.25,8,0.25,0.25,0.25,0.25,0.0
EVAL_COHORT2_ABLATION_IID_V2,b0a7234923824095bc910383dcee7acd,6aed717d7588f6858378d8546147f0af,S173961178,4,4,4,1,False,False,0,1.0,6.5,0.08584350720047951,0.75,8,0.5,1.0,0.25,0.25,0.0
EVAL_COHORT2_ABLATION_IID_V2,b0a7234923824095bc910383dcee7acd,f8f26c6d94d482fa6a192a33b3e65c08,S173967316,4,4,4,1,False,True,1,0.5,4.25,0.07572109624743462,0.5,8,0.5,0.5,0.5,0.5,0.0
EVAL_COHORT2_ABLATION_IID_V2,b1b2b5fe018b44a9a853a9b782b8f063,4c828f688fb67ea109c384fff56bf5e4,S173969798,5,5,4,1,False,True,1,0.6,4.8,0.07806415855884552,0.875,8,1.0,0.75,1.0,1.5,0.5
EVAL_COHORT2_ABLATION_IID_V2,b1b2b5fe018b44a9a853a9b782b8f063,6c8ff2259d08126897d66bd1b12ffb5f,S173965209,5,5,4,1,False,False,0,1.0,6.2,0.13990971446037292,0.0,8,0.0,0.0,0.75,1.0,0.0
EVAL_COHORT2_ABLATION_IID_V2,b1b2b5fe018b44a9a853a9b782b8f063,f834fb8dbebe16b7e4bf7bf5c9a2a450,S173967548,4,4,4,1,False,False,0,0.5,5.0,0.10508738458156586,0.125,8,0.25,0.0,0.75,1.0,0.25
EVAL_COHORT2_ABLATION_IID_V2,b2f4f80f575240b88d61c23fdd7cedb5,7b45551139d1f3b8bd0236cae8d377f2,S173962081,5,5,5,1,False,True,2,0.2,4.0,0.08902047574520111,0.875,8,0.75,1.0,0.2,0.4,0.0
EVAL_COHORT2_ABLATION_IID_V2,b2f4f80f575240b88d61c23fdd7cedb5,9b7262abfbbf002eac7afeeae845f786,S173970469,5,5,5,1,False,False,0,1.0,5.0,0.07460632920265198,0.625,8,0.75,0.5,0.2,-0.2,-0.4
EVAL_COHORT2_ABLATION_IID_V2,b2f4f80f575240b88d61c23fdd7cedb5,acc819321883d1475f48fe609c69da93,S173964501,5,5,5,-1,False,True,1,0.6,5.4,0.00400068424642086,0.875,8,1.0,0.75,0.4,1.0,0.4
EVAL_COHORT2_ABLATION_IID_V2,b3275ca4f46b4f358ef51a99563f5791,6dec4173b20e3a641f7403052345596f,S173967044,4,4,4,1,False,False,0,1.0,6.5,0.029660573229193687,0.5,8,0.25,0.75,-0.5,-0.5,0.0
EVAL_COHORT2_ABLATION_IID_V2,b3275ca4f46b4f358ef51a99563f5791,888f34af1b3ef46116cb72c0d86c0e20,S173969730,4,4,4,1,True,True,2,0.0,4.25,0.15203730762004852,0.0,8,0.0,0.0,-0.25,0.25,0.5
EVAL_COHORT2_ABLATION_IID_V2,b3275ca4f46b4f358ef51a99563f5791,9e92976097eb696b434b2976a470fd64,S173970156,5,5,4,1,False,False,0,1.0,6.2,-0.04605889320373535,0.875,8,1.0,0.75,0.0,0.0,0.0
EVAL_COHORT2_ABLATION_IID_V2,b53b9d6a6ed449a79277193fc99600fb,7b663db047d8ae5ade7d8785894795d9,S173968562,5,4,4,1,True,True,1,0.0,4.25,0.039117202162742615,0.875,8,0.75,1.0,0.25,0.25,0.5
EVAL_COHORT2_ABLATION_IID_V2,b53b9d6a6ed449a79277193fc99600fb,aadc69a2e03f41c7ee3f48b98f64919a,S173964144,5,4,4,1,True,True,1,0.0,4.25,-0.0026130545884370804,0.75,8,0.5,1.0,0.0,0.25,0.0
EVAL_COHORT2_ABLATION_IID_V2,b53b9d6a6ed449a79277193fc99600fb,d254301f44c8db2be8ad36adafb3a8d3,S173967876,5,4,4,-1,False,False,0,0.25,4.5,-0.03002234734594822,0.75,8,0.75,0.75,-0.25,-0.5,-0.25
EVAL_COHORT2_ABLATION_IID_V2,b5ed77e5ded84f52a445a0c8ee3ce225,04aee3719e862035756de1b4fca0a369,S173970516,5,5,5,1,False,False,0,0.6,4.8,0.039125025272369385,1.0,8,1.0,1.0,0.6,1.2,0.4
EVAL_COHORT2_ABLATION_IID_V2,b5ed77e5ded84f52a445a0c8ee3ce225,131f40bb173b040ec103b43006cc36a8,S173969028,5,5,5,1,False,False,0,1.0,6.2,0.03129815310239792,0.625,8,0.75,0.5,0.4,0.4,0.0
EVAL_COHORT2_ABLATION_IID_V2,b5ed77e5ded84f52a445a0c8ee3ce225,bfb9039d98e086d4161456486a4ea531,S173966287,5,5,5,1,False,True,1,0.6,4.8,0.13337770104408264,0.125,8,0.25,0.0,-0.8,-1.0,-0.8
EVAL_COHORT2_ABLATION_IID_V2,b807bb939e404c7da60e91dddebd51bc,580e96f29b95898961353ea72dc42186,S173969194,5,5,5,-1,False,True,1,0.4,4.6,-0.14007897675037384,0.25,8,0.25,0.25,0.4,0.4,0.19999999999999996
EVAL_COHORT2_ABLATION_IID_V2,b807bb939e404c7da60e91dddebd51bc,75db14977ea3b900ecbb0eedb3605128,S173965642,5,5,5,-1,False,False,0,1.0,6.6,-0.04180317372083664,0.75,8,0.75,0.75,0.2,0.2,0.0
EVAL_COHORT2_ABLATION_IID_V2,b807bb939e404c7da60e91dddebd51bc,abc7c905f6527055026d72c4973e1cc3,S173967585,5,5,5,1,False,True,1,0.6,5.0,0.046896614134311676,0.5,8,0.75,0.25,0.0,0.0,0.0
EVAL_COHORT2_ABLATION_IID_V2,bc96b468d7814aa09bb625c8f86e3d53,27c44ed6fff4b84d297759103dcdfe4a,S173963971,4,4,4,-1,False,True,1,0.25,4.0,0.04097889922559261,0.375,8,0.5,0.25,0.5,0.75,0.5
EVAL_COHORT2_ABLATION_IID_V2,bc96b468d7814aa09bb625c8f86e3d53,3885ec3a06015306e83ca4af3ea757f5,S173962335,5,5,4,-1,False,True,1,0.4,4.8,-0.012775171548128128,0.25,8,0.25,0.25,0.5,0.75,0.25
EVAL_COHORT2_ABLATION_IID_V2,bc96b468d7814aa09bb625c8f86e3d53,9cbbe532fec76f5e1f276558dbc5a977,S173963302,4,4,4,-1,False,True,1,0.5,4.75,0.04172431118786335,1.0,8,1.0,1.0,0.75,1.0,0.0
EVAL_COHORT2_ABLATION_IID_V2,bf7cc15024384d459679348d803cf2df,d29feb8b328b2a2f5eb1e020e2ad046b,S173966791,4,4,4,1,True,True,1,0.0,3.75,0.052646439522504807,0.625,8,0.5,0.75,0.25,0.5,0.25
EVAL_COHORT2_ABLATION_IID_V2,bf7cc15024384d459679348d803cf2df,e7c117fc27aa262546e8596f7c4a70ca,S173961177,4,4,4,1,False,True,1,0.5,5.5,0.08708586171269417,1.0,8,1.0,1.0,0.25,1.5,0.5
EVAL_COHORT2_ABLATION_IID_V2,bf7cc15024384d459679348d803cf2df,f636ec3f7dc694521ab2a07efe8e2f7e,S173966366,5,5,4,-1,False,True,1,0.6,5.0,0.03283480554819107,0.5,8,0.5,0.5,0.75,1.25,0.0
EVAL_COHORT2_ABLATION_IID_V2,c04c42e5f63d46428b337660a27349b0,a71422b74329d123fb6a2f8fd07059ea,S173967456,5,5,4,1,False,True,1,0.4,5.0,0.1318502426147461,0.375,8,0.5,0.25,0.5,1.25,0.75
EVAL_COHORT2_ABLATION_IID_V2,c04c42e5f63d46428b337660a27349b0,b73065fb05f355d4ce9f00cf91a5f389,S173969047,4,4,4,1,True,True,2,0.0,4.0,0.06672815605998039,0.625,8,0.75,0.5,0.25,0.75,0.5
EVAL_COHORT2_ABLATION_IID_V2,c04c42e5f63d46428b337660a27349b0,ff90bc75ca7511740a8583aebfdd1727,S173964701,4,4,4,1,False,False,0,1.0,6.25,0.17295774817466736,0.5,8,0.75,0.25,-0.25,-0.25,-0.25
EVAL_COHORT2_ABLATION_IID_V2,c068389c367940d09f31a7dc1caf0f6a,5f2c14bc4dcc7420bd5e0218423f76e9,S173965132,5,5,5,1,False,True,1,0.4,4.8,0.03730453923344612,0.125,8,0.0,0.25,0.0,0.0,-0.2
EVAL_COHORT2_ABLATION_IID_V2,c068389c367940d09f31a7dc1caf0f6a,c381cd2af59dbc4a065a505d45850c48,S173970341,4,4,4,1,True,True,2,0.0,4.5,0.07792102918028831,0.75,8,0.5,1.0,0.0,0.75,0.5
EVAL_COHORT2_ABLATION_IID_V2,c068389c367940d09f31a7dc1caf0f6a,ca4a3d5c31729e5cafc2e0589f2242fd,S173966576,4,4,4,-1,False,False,0,0.75,5.25,-0.0026992736384272575,0.625,8,0.5,0.75,0.75,1.25,0.25
EVAL_COHORT2_ABLATION_IID_V2,c1dadfe11787415489f96337c233e70d,5197d600ee317e90ccefd83a76d36107,S173965224,5,5,5,-1,False,True,1,0.4,4.6,0.0602119155228138,0.125,8,0.0,0.25,-0.6,-1.4,-1.0
EVAL_COHORT2_ABLATION_IID_V2,c1dadfe11787415489f96337c233e70d,72d4c0131548aa2721b1255e893a772e,S173968279,5,5,5,1,False,True,1,0.2,4.8,0.13917452096939087,0.625,8,0.75,0.5,0.2,0.4,0.39999999999999997
EVAL_COHORT2_ABLATION_IID_V2,c1dadfe11787415489f96337c233e70d,9a480153d3496870d96cc57e911bc85e,S173964785,5,5,5,1,False,False,0,1.0,5.6,0.09570842236280441,0.125,8,0.25,0.0,0.0,0.2,0.0
EVAL_COHORT2_ABLATION_IID_V2,c1fb76d6dd034ca18e880e6a51a3eb98,230cf023c951f77f52f1df6c5a1eb90e,S173969553,4,4,4,1,False,False,0,0.75,5.25,0.07726375386118889,0.75,8,0.75,0.75,0.25,0.5,-0.25
EVAL_COHORT2_ABLATION_IID_V2,c1fb76d6dd034ca18e880e6a51a3eb98,3079f55bd96ec7f7d135750904299bea,S173965584,4,4,4,1,True,True,2,0.0,4.0,0.09638608619570732,0.75,8,0.5,1.0,0.25,0.75,0.5
EVAL_COHORT2_ABLATION_IID_V2,c1fb76d6dd034ca18e880e6a51a3eb98,a21650c62da1d1220fa36dc12eec0e7f,S173969432,5,5,4,1,False,True,1,0.4,4.6,0.1639096736907959,0.125,8,0.25,0.0,0.75,0.75,0.0
EVAL_COHORT2_ABLATION_IID_V2,ce2a76ebbc7c49a9812db64b8e308545,350f8edc190e7615e07f76456b626afb,S173962387,4,4,3,1,False,False,0,1.0,6.25,0.226679228246212,0.0,8,0.0,0.0,0.6666666666666666,0.6666666666666666,0.0
EVAL_COHORT2_ABLATION_IID_V2,ce2a76ebbc7c49a9812db64b8e308545,664d2ed0814f3603afb3785136c46536,S173961013,4,4,4,-1,False,True,1,0.5,5.25,-0.0325948977842927,0.375,8,0.25,0.5,0.0,0.0,0.0
EVAL_COHORT2_ABLATION_IID_V2,ce2a76ebbc7c49a9812db64b8e308545,8700a7ee9208d3ef624cc0497cedcfce,S173968782,4,4,4,1,False,False,0,1.0,6.75,0.15734868496656418,0.75,8,0.5,1.0,0.0,0.0,0.0
EVAL_COHORT2_ABLATION_IID_V2,cf5b79cd8d0c4848be5960d5ac107e50,098f6d3a127ea1b4e751e11152c3ef03,S173968787,5,5,5,1,False,True,1,0.6,5.4,0.0444425493478775,0.375,8,0.25,0.5,-0.2,-0.4,-0.39999999999999997
EVAL_COHORT2_ABLATION_IID_V2,cf5b79cd8d0c4848be5960d5ac107e50,254270eb4241a5560bdda271a068c219,S173969164,5,5,5,1,False,False,0,1.0,6.4,0.12713421881198883,0.875,8,1.0,0.75,0.2,0.2,0.0
EVAL_COHORT2_ABLATION_IID_V2,cf5b79cd8d0c4848be5960d5ac107e50,5c99ab3d160817cf8e685e873776cf88,S173968544,5,5,5,-1,False,True,1,0.6,5.4,-0.07144294679164886,0.375,8,0.5,0.25,0.2,0.2,0.0
EVAL_COHORT2_ABLATION_IID_V2,d2d2772ae80141c8aa6c5b4b25dfa880,062d048ffd9d10c46389b2b74e2c136c,S173962805,4,4,4,-1,False,False,0,1.0,6.25,-0.06575698219239712,0.375,8,0.5,0.25,0.25,0.5,0.0
EVAL_COHORT2_ABLATION_IID_V2,d2d2772ae80141c8aa6c5b4b25dfa880,9ad890ac5f40530a9d209cc790ca296f,S173968544,5,5,5,-1,False,True,1,0.2,4.6,-0.05741168558597565,0.0,8,0.0,0.0,0.0,0.6,0.39999999999999997
EVAL_COHORT2_ABLATION_IID_V2,d2d2772ae80141c8aa6c5b4b25dfa880,da4e55b50d374bc49aefcae639b27b37,S173970127,4,4,4,1,False,True,1,0.5,4.75,0.17837981134653091,0.125,8,0.25,0.0,-0.25,-0.25,-0.25
EVAL_COHORT2_ABLATION_IID_V2,d449b19b60d34d65922c4eb72d3e6d06,21ac27f1430b85c54c66e240cc27487c,S173961602,5,5,5,-1,False,True,2,0.2,4.6,0.015944339334964752,0.625,8,0.5,0.75,0.4,1.2,0.39999999999999997
EVAL_COHORT2_ABLATION_IID_V2,d449b19b60d34d65922c4eb72d3e6d06,69b55a6b8a4542366a806686d156a65c,S173964785,5,5,5,1,False,True,1,0.6,5.4,0.10785645246505737,0.25,8,0.5,0.0,0.2,0.2,0.0
EVAL_COHORT2_ABLATION_IID_V2,d449b19b60d34d65922c4eb72d3e6d06,ec1f304d3e0c25bb1bbdf0e7274e407c,S173970491,5,5,5,1,False,True,1,0.6,5.4,0.09745043516159058,0.25,8,0.5,0.0,0.4,0.8,0.4
EVAL_COHORT2_ABLATION_IID_V2,d7a2246675594ed3a6c1f3e60b74893e,22d570e6126d69fa395d2a55ba2867a0,S173970811,5,5,5,1,False,True,1,0.2,4.0,0.11724688112735748,0.625,8,0.5,0.75,0.2,1.0,0.2
EVAL_COHORT2_ABLATION_IID_V2,d7a2246675594ed3a6c1f3e60b74893e,4253c5561a587ec275abc74b8458dd5c,S173964518,5,5,5,1,False,True,1,0.2,4.8,-0.050502847880125046,1.0,8,1.0,1.0,0.2,0.8,0.39999999999999997
EVAL_COHORT2_ABLATION_IID_V2,d7a2246675594ed3a6c1f3e60b74893e,dc5d828cb3789cffc48fa6e1fe338826,S173968857,5,5,5,-1,False,True,2,0.2,4.4,0.09006313979625702,0.5,8,0.25,0.75,-0.4,-1.0,-0.6000000000000001
EVAL_COHORT2_ABLATION_IID_V2,d8d759b7a79e420984ee79703c6abf6a,b20a65d7e82d46cb1ea961d4af31ff52,S173965967,5,5,5,1,False,True,2,0.2,5.0,-0.037230271846055984,0.625,8,0.5,0.75,0.0,0.0,0.39999999999999997
EVAL_COHORT2_ABLATION_IID_V2,d8d759b7a79e420984ee79703c6abf6a,e3af825d9d0e1a39718b0331660c2dfc,S173962397,4,4,4,1,True,True,1,0.0,4.25,0.029497846961021423,0.75,8,0.75,0.75,1.0,1.75,1.0
EVAL_COHORT2_ABLATION_IID_V2,d8d759b7a79e420984ee79703c6abf6a,edc487d4e6f94c16b4005c001ab77208,S173969890,4,4,4,1,False,True,1,0.5,5.75,0.12979312241077423,0.125,8,0.25,0.0,0.25,1.25,0.5
EVAL_COHORT2_ABLATION_IID_V2,da83b0edcf8649708e3cc77c88292cb0,75335583a5f2720b542e6c0f36f06555,S173969954,5,5,5,1,True,True,2,0.0,3.6,0.052396636456251144,0.375,8,0.25,0.5,-0.4,-1.8,-0.6
EVAL_COHORT2_ABLATION_IID_V2,da83b0edcf8649708e3cc77c88292cb0,94ae0b9fdb81f16a01226ba151175808,S173963251,5,5,5,1,False,False,0,1.0,6.2,0.14326436817646027,0.625,8,0.5,0.75,0.4,0.4,0.0
EVAL_COHORT2_ABLATION_IID_V2,da83b0edcf8649708e3cc77c88292cb0,a9461241e8d232a03f5ca822def23946,S173964506,5,5,5,1,False,False,0,0.8,5.8,0.1173660159111023,0.625,8,0.75,0.5,0.4,0.4,0.19999999999999996
EVAL_COHORT2_ABLATION_IID_V2,dc315ffed5cb40018c92872c464fc63f,54e72ed32dd5202f8c3ceb625b1736ed,S173969048,4,4,4,1,False,False,0,0.5,4.75,0.0792432427406311,0.75,8,0.5,1.0,0.0,0.5,0.0
EVAL_COHORT2_ABLATION_IID_V2,dc315ffed5cb40018c92872c464fc63f,70c3d9e51ed8604f27d5a7ba2ee0cdde,S173968388,5,5,4,-1,False,True,1,0.6,5.2,-0.021050307899713516,0.125,8,0.25,0.0,0.5,0.5,0.0
EVAL_COHORT2_ABLATION_IID_V2,dc315ffed5cb40018c92872c464fc63f,907249a5008b4154202ae1626b25314c,S173960898,5,5,4,-1,False,False,0,0.8,5.8,0.017188560217618942,0.5,8,0.5,0.5,-0.25,-0.75,-0.5
EVAL_COHORT2_ABLATION_IID_V2,df9f9fcd67024716895b04627ad6053e,215c3996884319a91a28f7cb4d4501b6,S173968198,5,5,5,-1,False,False,0,1.0,6.4,0.06990395486354828,0.75,8,1.0,0.5,0.4,0.4,0.0
EVAL_COHORT2_ABLATION_IID_V2,df9f9fcd67024716895b04627ad6053e,23c0e1b628acea14379998146b3ee7d6,S173963251,5,5,5,1,False,False,0,1.0,6.0,0.19871659576892853,0.25,8,0.5,0.0,0.8,0.8,0.0
EVAL_COHORT2_ABLATION_IID_V2,df9f9fcd67024716895b04627ad6053e,b8c46298e22fc890d1bea3f2403d4599,S173967781,5,5,5,1,False,True,1,0.6,5.0,0.1937597244977951,0.0,8,0.0,0.0,-0.2,0.0,0.0
EVAL_COHORT2_ABLATION_IID_V2,e1d8727fcf73425da0b62b6d34bc616b,113d12622f4a1e5516503c8735172ec2,S173967298,4,4,4,1,False,True,1,0.5,4.75,-0.019696004688739777,0.625,8,0.25,1.0,-0.5,-1.0,-0.5
EVAL_COHORT2_ABLATION_IID_V2,e1d8727fcf73425da0b62b6d34bc616b,6d96c2697977546c8a379ae765546f66,S173967655,4,4,4,1,False,False,0,0.75,5.25,0.06253379210829735,0.625,8,0.75,0.5,0.0,-0.25,-0.25
EVAL_COHORT2_ABLATION_IID_V2,e1d8727fcf73425da0b62b6d34bc616b,da9fa40e3b8373770bfe6919c057cacb,S173962884,4,4,3,1,True,True,2,0.0,3.5,0.04076633369550109,0.625,8,0.5,0.75,0.3333333333333333,0.3333333333333333,0.0
EVAL_COHORT2_ABLATION_IID_V2,e2719ac73e884fde9426c14dfa92f55f,34ddb97c732682d009d1cff0415d598b,S173963267,4,4,4,1,False,False,0,0.75,5.25,0.13905033469200134,0.375,8,0.5,0.25,0.75,0.75,0.25
EVAL_COHORT2_ABLATION_IID_V2,e2719ac73e884fde9426c14dfa92f55f,49af1a6da2303ddcb2ba379dbdd8222d,S173968960,5,5,5,-1,False,False,0,1.0,6.4,0.035074323415756226,1.0,8,1.0,1.0,-0.2,-0.6,-0.4
EVAL_COHORT2_ABLATION_IID_V2,e2719ac73e884fde9426c14dfa92f55f,8bc4791755834948387e0efac6091084,S173970205,5,5,5,1,False,True,2,0.2,4.2,0.15385249257087708,0.25,8,0.5,0.0,0.4,1.4,0.39999999999999997
EVAL_COHORT2_ABLATION_IID_V2,e4a08f4318ed4532969c545b900afd0c,1f4fe391e184df8043faa79bdb0d0e69,S173966240,5,5,5,1,False,True,1,0.6,5.6,0.15523362159729004,0.375,8,0.5,0.25,0.4,1.4,0.4
EVAL_COHORT2_ABLATION_IID_V2,e4a08f4318ed4532969c545b900afd0c,21dcbc456ae4dafb29a2582ec10f33ae,S173965397,5,5,5,1,False,True,1,0.4,5.2,0.08004871010780334,0.625,8,0.5,0.75,-0.4,-0.6,-0.2
EVAL_COHORT2_ABLATION_IID_V2,e4a08f4318ed4532969c545b900afd0c,7b268a928384daf4760786874b4516e8,S173960400,5,5,5,1,False,True,1,0.2,4.8,-0.036935631185770035,0.5,8,0.5,0.5,-0.4,-1.2,-0.4
EVAL_COHORT2_ABLATION_IID_V2,e617e2d3f7bf47af81dfc7ff2e9d387b,0b444472fe5f92a647a474b214a44275,S173961517,5,5,5,1,False,True,1,0.6,5.8,0.05269032344222069,0.75,8,0.75,0.75,-0.4,-1.2,-0.39999999999999997
EVAL_COHORT2_ABLATION_IID_V2,e617e2d3f7bf47af81dfc7ff2e9d387b,78c6c764a9b29e511783d1c3ff47cab8,S173966210,5,5,5,-1,False,True,2,0.2,4.6,0.020482458174228668,0.75,8,0.75,0.75,0.0,0.0,0.0
EVAL_COHORT2_ABLATION_IID_V2,e617e2d3f7bf47af81dfc7ff2e9d387b,c8ba1037e440f13a8bae783116833ae5,S173970598,5,5,5,1,False,True,1,0.6,5.0,0.05956675112247467,0.5,8,0.5,0.5,0.4,0.6,0.4
EVAL_COHORT2_ABLATION_IID_V2,e6d7f6cd458643078d975a3f3c3bd337,2f8d094b484c86c3c028441bf56b89ff,S173963735,5,5,5,1,False,False,0,1.0,6.8,0.1394866704940796,0.25,8,0.5,0.0,-0.6,-0.8,-0.19999999999999996
EVAL_COHORT2_ABLATION_IID_V2,e6d7f6cd458643078d975a3f3c3bd337,4787cc85c92215eed3c8a04cd648190d,S173964563,5,5,5,1,False,True,1,0.6,4.8,0.03116348385810852,0.5,8,0.25,0.75,0.4,1.2,0.4
EVAL_COHORT2_ABLATION_IID_V2,e6d7f6cd458643078d975a3f3c3bd337,f5d9b5e3f02f1c0b87b5b1516713309e,S173967113,5,5,5,1,False,True,2,0.2,4.6,0.06279414892196655,0.125,8,0.25,0.0,0.6,1.0,0.39999999999999997
EVAL_COHORT2_ABLATION_IID_V2,e804172248e64a4ea26fc73222dc6648,2413e49e607a8ba514c7f7f12c7d58f6,S173968544,5,5,5,-1,False,True,2,0.2,4.4,0.04913866147398949,0.625,8,0.5,0.75,-0.2,-0.6,-0.4
EVAL_COHORT2_ABLATION_IID_V2,e804172248e64a4ea26fc73222dc6648,6a41377809384cd019c8472d4373073f,S173960558,5,5,5,-1,False,True,1,0.4,4.6,0.039454735815525055,0.5,8,0.5,0.5,-0.4,-1.4,-0.8
EVAL_COHORT2_ABLATION_IID_V2,e804172248e64a4ea26fc73222dc6648,be74308ef5c2e6619d65e2fb6a19920f,S173960982,5,5,5,-1,False,True,2,0.2,4.4,0.02673925831913948,0.25,8,0.0,0.5,0.0,0.0,0.0
EVAL_COHORT2_ABLATION_IID_V2,e8e5148092d540879186176cd528a3f4,8949b5521a37a743c8a3e8451cbdd3bc,S173961486,5,5,5,1,False,False,0,0.6,5.2,0.08389852941036224,1.0,8,1.0,1.0,0.8,1.8,0.4
EVAL_COHORT2_ABLATION_IID_V2,e8e5148092d540879186176cd528a3f4,8b567bc756aab9b6bf56e561ca604c63,S173965298,5,5,5,1,False,True,1,0.4,4.4,0.08946768939495087,0.75,8,0.75,0.75,0.0,-0.2,-0.4
EVAL_COHORT2_ABLATION_IID_V2,e8e5148092d540879186176cd528a3f4,f8868d99b883600c784641a3e4fb80bf,S173969028,4,4,4,1,False,True,1,0.5,5.5,0.0295899985358119,1.0,8,1.0,1.0,0.5,1.5,0.5
EVAL_COHORT2_ABLATION_IID_V2,e95db7b1ab494836b38833a0bd9ca01d,1c7042ff97b5b82a3458359088910ac6,S173964617,5,5,4,-1,False,True,1,0.6,5.4,-0.03519760072231293,0.625,8,0.75,0.5,0.25,-0.25,0.0
EVAL_COHORT2_ABLATION_IID_V2,e95db7b1ab494836b38833a0bd9ca01d,3ba123f513750a6568e8762404b53deb,S173964119,5,5,4,1,False,False,0,1.0,6.4,0.09093065559864044,0.75,8,0.75,0.75,0.25,0.5,0.0
EVAL_COHORT2_ABLATION_IID_V2,e95db7b1ab494836b38833a0bd9ca01d,54b5b4d2f0646d49058967dc386c6345,S173965224,5,5,4,1,False,True,2,0.2,4.8,0.05109773576259613,0.625,8,0.75,0.5,0.25,0.5,0.5
EVAL_COHORT2_ABLATION_IID_V2,e96a30dbb6df402dbe266ab7d157a92a,017c485b6450080cf11e7901f3e90303,S173968744,4,4,4,1,False,True,1,0.5,5.25,0.05104701220989227,0.625,8,0.5,0.75,-0.25,-0.25,0.0
EVAL_COHORT2_ABLATION_IID_V2,e96a30dbb6df402dbe266ab7d157a92a,9df905320f3bd2a60f272e36ee393a20,S173970681,5,5,4,1,False,True,1,0.4,4.4,-0.007726692594587803,1.0,8,1.0,1.0,0.0,0.0,0.0
EVAL_COHORT2_ABLATION_IID_V2,e96a30dbb6df402dbe266ab7d157a92a,e991a708c16f5cb07a5ccd01e285ea93,S173966921,4,4,4,1,True,True,2,0.0,3.75,-0.013975206762552261,0.625,8,0.5,0.75,0.25,0.25,0.0
EVAL_COHORT2_ABLATION_IID_V2,ecf2969dcf6842ac88d7eca7fa74e076,3dad9811d94917bc55db0bea95d5b1db,S173964047,5,5,5,1,False,False,0,0.4,4.8,0.04311540722846985,0.0,8,0.0,0.0,0.8,1.2,0.6
EVAL_COHORT2_ABLATION_IID_V2,ecf2969dcf6842ac88d7eca7fa74e076,c87a2c360ab4144a553b42290e696b17,S173964563,5,5,5,1,False,False,0,1.0,5.8,0.10515554994344711,0.125,8,0.25,0.0,0.0,-0.2,0.0
EVAL_COHORT2_ABLATION_IID_V2,ecf2969dcf6842ac88d7eca7fa74e076,f6c1a728f5895a2e085707065a646df7,S173966576,5,5,5,1,False,True,1,0.4,4.2,0.07549980282783508,0.75,8,0.75,0.75,1.0,1.2,0.19999999999999996
EVAL_COHORT2_ABLATION_IID_V2,eded33b47de84947928056ae115458b7,7761fc34293fa0f3dcc28159d75c8fa7,S173962357,4,4,4,-1,False,True,1,0.25,4.5,0.03984692692756653,0.5,8,0.5,0.5,0.0,0.25,0.0
EVAL_COHORT2_ABLATION_IID_V2,eded33b47de84947928056ae115458b7,7d11a2f50a37febff20b1c2b96f032aa,S173965139,5,5,5,-1,False,False,0,0.8,5.6,-0.15691804885864258,0.25,8,0.5,0.0,0.4,0.0,-0.20000000000000007
EVAL_COHORT2_ABLATION_IID_V2,eded33b47de84947928056ae115458b7,d350a5bedeb5f7fe3e40eefe300ae4d9,S173967132,5,5,5,-1,False,True,2,0.2,4.8,-0.09340278804302216,0.25,8,0.0,0.5,0.2,0.2,0.0
EVAL_COHORT2_ABLATION_IID_V2,ee5a7c60c5094c479e5bcb8140937c24,674c2f9f5e0bae1fdaeb22a729a837c2,S173962819,5,5,5,-1,False,True,1,0.6,5.4,-0.09119060635566711,0.375,8,0.75,0.0,0.2,0.2,0.0
EVAL_COHORT2_ABLATION_IID_V2,ee5a7c60c5094c479e5bcb8140937c24,abfdd3c9ef9c567ff3f3ea2ab7c21c9a,S173965352,5,5,5,-1,False,True,1,0.6,5.0,-0.06857100874185562,0.375,8,0.5,0.25,0.2,0.2,0.0
EVAL_COHORT2_ABLATION_IID_V2,ee5a7c60c5094c479e5bcb8140937c24,c5988a65bf12186166ad7ecdc812aa59,S173969661,5,5,5,1,False,True,1,0.6,5.2,0.13900774717330933,0.25,8,0.25,0.25,0.0,0.0,0.0
EVAL_COHORT2_ABLATION_IID_V2,ef94782ffb5d48fd97cf692eaca8b9d3,c9908853470d817b65fa7befc5e45104,S173967876,5,5,4,-1,False,True,1,0.2,4.2,0.00985223799943924,0.5,8,0.5,0.5,0.0,0.75,0.25
EVAL_COHORT2_ABLATION_IID_V2,ef94782ffb5d48fd97cf692eaca8b9d3,d7960a2e4efc3ab28160e56bdb4c4407,S173962935,5,5,4,1,False,True,2,0.2,4.4,0.022470030933618546,0.375,8,0.5,0.25,0.25,0.25,0.0
EVAL_COHORT2_ABLATION_IID_V2,ef94782ffb5d48fd97cf692eaca8b9d3,e74caa4ad429ad3bdce0187da783fdb8,S173960501,5,5,4,1,False,True,2,0.2,4.6,0.084878109395504,0.875,8,1.0,0.75,-0.25,-0.25,0.0
EVAL_COHORT2_ABLATION_IID_V2,f057c2485daa4f9a8361efe508c24e78,8a4c15ff4f81abf2dd8e3612ebe42219,S173969028,5,5,5,1,False,False,0,1.0,6.2,0.03609020635485649,1.0,8,1.0,1.0,0.2,0.4,0.0
EVAL_COHORT2_ABLATION_IID_V2,f057c2485daa4f9a8361efe508c24e78,d97c0e8a62fe600a921d52e3d6f868ce,S173960419,5,5,5,-1,False,True,1,0.2,4.8,0.06812172383069992,0.625,8,0.75,0.5,-0.6,-1.2,-0.6000000000000001
EVAL_COHORT2_ABLATION_IID_V2,f057c2485daa4f9a8361efe508c24e78,df13b62ee5d5604110949464db0e6402,S173969661,5,5,5,-1,False,True,2,0.2,4.2,-0.010824503377079964,0.5,8,0.5,0.5,0.8,2.0,0.6000000000000001
EVAL_COHORT2_ABLATION_IID_V2,f1be3b6b13034775b5b385abfe678045,63b27d2711ec6e207b09684cf6c794c7,S173963694,5,5,5,-1,False,False,0,0.8,5.6,0.05868042632937431,0.375,8,0.5,0.25,-0.6,-0.8,-0.6000000000000001
EVAL_COHORT2_ABLATION_IID_V2,f1be3b6b13034775b5b385abfe678045,8ae333f98516c8ecb3c9e69a4874e6f4,S173968851,5,5,5,1,False,True,1,0.4,5.2,0.07998330891132355,0.0,8,0.0,0.0,0.6,1.2,0.6
EVAL_COHORT2_ABLATION_IID_V2,f1be3b6b13034775b5b385abfe678045,e2e2c82f804ed637a5a9af069bb22936,S173970600,5,5,5,-1,False,True,1,0.2,4.4,0.08872908353805542,0.0,8,0.0,0.0,-0.6,-1.0,-0.6000000000000001
EVAL_COHORT2_ABLATION_IID_V2,f1c687e99ad248f5a36ebebc4ab363f8,0467ac7e1ad2caba6a989315e280591a,S173963267,5,5,5,-1,False,True,2,0.2,4.2,0.09517697989940643,0.125,8,0.0,0.25,-0.8,-1.0,-0.4
EVAL_COHORT2_ABLATION_IID_V2,f1c687e99ad248f5a36ebebc4ab363f8,6655fd9fc550bf8f8c54f1a67f3c7070,S173962935,5,5,5,1,True,True,2,0.0,4.0,0.02821597084403038,0.5,8,0.5,0.5,0.0,-0.4,-0.2
EVAL_COHORT2_ABLATION_IID_V2,f1c687e99ad248f5a36ebebc4ab363f8,a0b8b3692a67510811e90dd6e7e94c0c,S173966210,5,5,5,-1,False,True,1,0.4,4.2,0.014169886708259583,0.125,8,0.25,0.0,0.0,-0.2,-0.2
EVAL_COHORT2_ABLATION_IID_V2,f3e10a98cda84c7a8867573dab5f3823,062257a8943ba2e97421ff8bf0156743,S173962397,5,5,5,-1,False,True,1,0.2,4.4,0.008302874863147736,0.75,8,0.75,0.75,-0.8,-1.4,-0.8
EVAL_COHORT2_ABLATION_IID_V2,f3e10a98cda84c7a8867573dab5f3823,237063c591f8fa876b3f563df1dbf023,S173961529,5,5,5,1,False,True,1,0.6,4.8,0.13960283994674683,0.625,8,0.75,0.5,0.4,0.6,0.0
EVAL_COHORT2_ABLATION_IID_V2,f3e10a98cda84c7a8867573dab5f3823,b956c58fe3d175c3545b014346b66a07,S173969890,5,5,5,1,False,False,0,1.0,5.8,0.05197978764772415,1.0,8,1.0,1.0,0.6,0.8,0.0
EVAL_COHORT2_ABLATION_IID_V2,f69fd7d349fe4c0d9f687131dd0fd914,4ee25851551fdba2fa5f8f9231375854,S173961435,5,5,4,-1,False,False,0,1.0,6.2,0.005020856857299805,0.625,8,0.75,0.5,0.0,-0.25,-0.5
EVAL_COHORT2_ABLATION_IID_V2,f69fd7d349fe4c0d9f687131dd0fd914,8c797394613d1e21b95e2537ca9402bc,S173965176,5,5,4,1,False,True,1,0.4,4.8,0.05063770338892937,0.25,8,0.5,0.0,0.5,0.75,0.75
EVAL_COHORT2_ABLATION_IID_V2,f69fd7d349fe4c0d9f687131dd0fd914,edec62b46180995a3eb40cbd1aa4d7f2,S173960464,5,5,4,1,False,True,1,0.4,4.6,-0.014055428095161915,1.0,8,1.0,1.0,0.25,0.5,0.25
EVAL_COHORT2_ABLATION_IID_V2,f90ddd8076d3400aa68b783dead765f8,1ea4a9526ece9bf2f0732c4bc2bd8979,S173968448,5,5,4,1,False,True,2,0.2,3.6,-0.0863172858953476,1.0,8,1.0,1.0,-0.5,-0.5,-0.25
EVAL_COHORT2_ABLATION_IID_V2,f90ddd8076d3400aa68b783dead765f8,2da878300d2914a3aaed02283b40d72a,S173966441,4,4,4,-1,False,False,0,0.75,5.25,-0.09837740659713745,0.125,8,0.25,0.0,0.5,0.5,0.0
EVAL_COHORT2_ABLATION_IID_V2,f90ddd8076d3400aa68b783dead765f8,8a6663fb860aabe8dee477d00bb1bdf1,S173961337,4,4,4,1,True,True,2,0.0,4.0,0.06167852692306042,0.875,8,0.75,1.0,0.5,0.75,0.0
EVAL_COHORT2_ABLATION_IID_V2,fc04a13631a94225b8b17ae2bd8814ee,29026ef117cdbc697a7b24aaa8c6d0d5,S173961602,4,4,4,-1,False,True,1,0.5,4.75,0.026236187666654587,0.0,8,0.0,0.0,-0.25,-0.75,-0.5
EVAL_COHORT2_ABLATION_IID_V2,fc04a13631a94225b8b17ae2bd8814ee,ba57a0ef949290cb6145e31651dccb95,S173970453,4,4,4,-1,False,True,1,0.25,4.75,-0.01198083907365799,0.125,8,0.25,0.0,-0.75,-1.0,-0.5
EVAL_COHORT2_ABLATION_IID_V2,fc04a13631a94225b8b17ae2bd8814ee,f62d99e76b57356f106f043ba2e6f5da,S173967463,5,5,4,1,False,False,0,1.0,6.6,0.18489187955856323,0.5,8,0.5,0.5,0.0,0.0,0.0
EVAL_COHORT2_ABLATION_IID_V2,fe79c954d09b4da8b492a67992aeca28,08915e14cd3b510c59e403da4bfa6a77,S173970205,5,5,4,1,False,True,1,0.6,5.2,0.17920637130737305,0.125,8,0.25,0.0,-0.25,-0.25,0.0
EVAL_COHORT2_ABLATION_IID_V2,fe79c954d09b4da8b492a67992aeca28,1e4c9153618c6ee5741ec2b66942456a,S173964485,5,5,4,1,False,True,1,0.6,5.4,0.14407849311828613,0.375,8,0.75,0.0,0.0,0.25,0.0
EVAL_COHORT2_ABLATION_IID_V2,fe79c954d09b4da8b492a67992aeca28,b03e67fbebcec7013369a56befc0b4aa,S173960341,4,4,4,1,False,True,1,0.5,6.0,0.05093178525567055,1.0,8,1.0,1.0,-0.25,-0.25,0.0
EVAL_COHORT3_ABLATION_OOD_V1,01a22a595204422e9fe53e8fc032916b,3d8b8f741e8125588370d6bc3a0682bd,S173969046,4,4,4,-1,False,True,1,0.5,5.5,-0.0880935862660408,0.125,8,0.25,0.0,0.0,0.0,0.0
EVAL_COHORT3_ABLATION_OOD_V1,01a22a595204422e9fe53e8fc032916b,8dbc92455db81bee661902d3356caaea,S173963418,5,5,5,-1,False,True,1,0.6,5.0,-0.06408565491437912,0.0,8,0.0,0.0,0.8,1.2,0.4
EVAL_COHORT3_ABLATION_OOD_V1,01a22a595204422e9fe53e8fc032916b,b3b4f507631057a0690dc3da9b4e0cd0,S173961603,5,5,5,1,False,True,1,0.6,5.8,0.1092035248875618,0.125,8,0.25,0.0,0.2,1.0,0.4
EVAL_COHORT3_ABLATION_OOD_V1,02ee4317837d4430bb5848a14291d967,3b4983572873b61a6d7247986acf80eb,S173968519,5,5,5,1,False,True,1,0.6,5.2,0.12343379855155945,0.375,8,0.75,0.0,0.6,0.6,0.0
EVAL_COHORT3_ABLATION_OOD_V1,02ee4317837d4430bb5848a14291d967,46ab027a4d580b4a4d3857491d3a7a9d,S173961170,5,5,5,-1,False,False,0,1.0,6.6,0.07948322594165802,1.0,8,1.0,1.0,0.0,-0.8,-0.4
EVAL_COHORT3_ABLATION_OOD_V1,02ee4317837d4430bb5848a14291d967,6b9f1f4652731e65620a40aac373171e,S173963963,5,5,5,1,False,False,0,0.8,5.4,0.16924798488616943,0.25,8,0.5,0.0,0.6,0.6,0.19999999999999996
EVAL_COHORT3_ABLATION_OOD_V1,061ba6e993d04c3db2695b0c41787c9d,1447110e66e938a3cfc7746ba6fbc8fc,S173965730,5,5,5,-1,False,False,0,0.4,5.2,0.0040915291756391525,0.625,8,0.75,0.5,0.0,0.4,0.19999999999999996
EVAL_COHORT3_ABLATION_OOD_V1,061ba6e993d04c3db2695b0c41787c9d,da753c32347ed54b25d326b461b3cf8e,S173962007,5,5,5,1,False,False,0,1.0,6.8,0.09654419869184494,0.875,8,0.75,1.0,0.0,0.0,0.0
EVAL_COHORT3_ABLATION_OOD_V1,061ba6e993d04c3db2695b0c41787c9d,f41c84b0334bbb482a3cef966a113010,S173969439,5,5,5,1,False,True,2,0.2,4.4,0.04449668526649475,0.125,8,0.25,0.0,0.2,0.2,0.0
EVAL_COHORT3_ABLATION_OOD_V1,067d1c748b8f46b78d4d92d1bf70ca43,8a338cb03293f29aa55cc0e7de6a1cc2,S173963973,4,4,4,-1,False,True,1,0.5,5.25,-0.02643206436187029,0.0,8,0.0,0.0,-0.25,-0.75,-0.25
EVAL_COHORT3_ABLATION_OOD_V1,067d1c748b8f46b78d4d92d1bf70ca43,96003de8bf9557acb697804c620e4f06,S173962186,4,4,4,-1,False,True,1,0.5,5.5,0.020156572572886944,0.625,8,0.5,0.75,-0.75,-2.5,-1.0
EVAL_COHORT3_ABLATION_OOD_V1,067d1c748b8f46b78d4d92d1bf70ca43,ed643cf4aefe25e9f9e135b540c83669,S173964677,5,5,4,1,False,False,0,1.0,6.2,0.0486714132130146,0.875,8,0.75,1.0,0.25,0.25,0.0
EVAL_COHORT3_ABLATION_OOD_V1,06849bffc75443f49f7b6635221846ad,22684db2d19dafdb2bb694716c6ecc6a,S173967632,5,5,5,-1,False,False,0,0.8,5.6,-0.04873950779438019,0.25,8,0.25,0.25,0.2,0.2,-0.20000000000000007
EVAL_COHORT3_ABLATION_OOD_V1,06849bffc75443f49f7b6635221846ad,296d9442d46cc1df6ba5f1e9b930fd8f,S173965296,5,5,5,1,False,True,1,0.6,4.6,-0.04130380600690842,0.875,8,0.75,1.0,-0.4,-1.0,-0.6
EVAL_COHORT3_ABLATION_OOD_V1,06849bffc75443f49f7b6635221846ad,b89629b04acb9ecc2e9a7ced2d33f51f,S173960688,5,5,5,1,False,True,2,0.2,4.4,0.09047046303749084,0.875,8,0.75,1.0,-0.6,-0.8,-0.2
EVAL_COHORT3_ABLATION_OOD_V1,070aa4c2eb2e44be9e0d78e25f93722d,5753d717c5b1345c47e215aa116376a1,S173967879,5,5,5,-1,False,True,1,0.6,5.0,0.11009719967842102,0.375,8,0.5,0.25,-0.4,-1.0,-0.8
EVAL_COHORT3_ABLATION_OOD_V1,070aa4c2eb2e44be9e0d78e25f93722d,5e656075c1b1e9e327ffdb6edc450017,S173968514,5,5,5,1,False,False,0,1.0,6.0,0.08335219323635101,0.625,8,1.0,0.25,0.6,0.8,0.0
EVAL_COHORT3_ABLATION_OOD_V1,070aa4c2eb2e44be9e0d78e25f93722d,66c89987d87238bc34b9c2e2d961ed2e,S173962405,5,5,5,-1,False,False,0,1.0,6.2,-0.05316442251205444,0.875,8,0.75,1.0,-0.6,-1.0,-0.8
EVAL_COHORT3_ABLATION_OOD_V1,075a86fd25c74be8b577600f6f61f952,9fba0beb296896ed3a792c23d3a97f77,S173967203,4,4,4,1,False,True,1,0.5,5.0,0.06452189572155476,0.25,8,0.5,0.0,-0.25,0.5,0.0
EVAL_COHORT3_ABLATION_OOD_V1,075a86fd25c74be8b577600f6f61f952,bdb7696decbb5ce30610235551197ca8,S173970581,4,4,4,1,False,True,1,0.5,5.25,0.10181547328829765,0.875,8,0.75,1.0,0.25,0.5,0.25
EVAL_COHORT3_ABLATION_OOD_V1,075a86fd25c74be8b577600f6f61f952,bfe7a351e36c9eafe035fb0f3018e60d,S173963511,5,5,5,1,False,True,1,0.6,6.2,0.10584847629070282,1.0,8,1.0,1.0,-0.2,-0.2,0.4
EVAL_COHORT3_ABLATION_OOD_V1,0a9405ce2b8c4dd7985930989fed16ae,1c7ad16e9899de4823a98067a4bc39f1,S173967516,5,5,5,1,False,False,0,1.0,6.6,0.05280403792858124,1.0,8,1.0,1.0,0.0,0.0,0.0
EVAL_COHORT3_ABLATION_OOD_V1,0a9405ce2b8c4dd7985930989fed16ae,2d2dc3884498dd523c7571ef2f653a73,S173964162,5,5,5,1,False,False,0,0.8,5.6,0.0767841711640358,1.0,8,1.0,1.0,0.6,0.6,0.19999999999999996
EVAL_COHORT3_ABLATION_OOD_V1,0a9405ce2b8c4dd7985930989fed16ae,924c99e425ac4624e8482e2ac2795559,S173966367,5,5,5,1,False,True,2,0.2,4.6,-0.02945079654455185,0.75,8,0.75,0.75,-0.8,-1.2,-0.6000000000000001
EVAL_COHORT3_ABLATION_OOD_V1,0acc67fbc0c14c78afa7cbabe40fcddc,11dee8b82a2f1bd6d2578f7494891346,S173961493,5,5,5,1,True,True,1,0.0,3.6,0.0786009207367897,0.375,8,0.25,0.5,0.4,0.6,0.2
EVAL_COHORT3_ABLATION_OOD_V1,0acc67fbc0c14c78afa7cbabe40fcddc,19ef32abc22235a7aa3c915f2ac935db,S173965326,5,5,5,1,False,True,2,0.2,4.4,-0.03406834602355957,0.875,8,0.75,1.0,0.0,0.4,0.39999999999999997
EVAL_COHORT3_ABLATION_OOD_V1,0acc67fbc0c14c78afa7cbabe40fcddc,9aa7c757e8509b4b03525f4f3fbc826e,S173970236,5,5,5,-1,False,False,0,0.8,5.8,0.019854411482810974,0.875,8,0.75,1.0,0.6,1.0,0.19999999999999996
EVAL_COHORT3_ABLATION_OOD_V1,0d698db83fbd4920b188403d1e19e182,202712748595a34c3a1b4a30b2785581,S173969577,5,5,5,1,False,True,2,0.2,4.2,0.1444558948278427,0.375,8,0.25,0.5,0.4,0.4,0.2
EVAL_COHORT3_ABLATION_OOD_V1,0d698db83fbd4920b188403d1e19e182,3f4cdcfcefe26daea717c6c33e2949ae,S173964915,5,5,5,1,True,True,2,0.0,3.6,0.022175081074237823,0.25,8,0.25,0.25,-0.2,-0.4,-0.2
EVAL_COHORT3_ABLATION_OOD_V1,0d698db83fbd4920b188403d1e19e182,8a1edd7cdf9d48fd92eec663af6b901d,S173966104,5,5,5,-1,False,True,1,0.2,4.8,-0.05755005031824112,0.375,8,0.25,0.5,0.2,0.4,0.2
EVAL_COHORT3_ABLATION_OOD_V1,0eba4e90e42c4f2ea95bea0524526172,96c6077c613feba0905ee5c56333ff83,S173961619,5,5,5,-1,False,False,0,1.0,6.8,-0.03999499976634979,0.375,8,0.25,0.5,0.0,-0.4,-0.19999999999999996
EVAL_COHORT3_ABLATION_OOD_V1,0eba4e90e42c4f2ea95bea0524526172,9cb8a2274907ee9b18907269374d598e,S173963418,5,5,5,-1,False,True,1,0.6,5.0,-0.11852714419364929,0.0,8,0.0,0.0,0.0,0.0,-0.19999999999999996
EVAL_COHORT3_ABLATION_OOD_V1,0eba4e90e42c4f2ea95bea0524526172,e66529b4c1b69e8080f5cda6a330ce70,S173961172,5,5,5,1,False,True,1,0.6,5.8,0.02374153956770897,0.75,8,0.5,1.0,0.2,0.4,0.20000000000000007
EVAL_COHORT3_ABLATION_OOD_V1,0fae4a054d6946e4a6e329c37377e846,4c6917c1049f0daa37731b43544127d2,S173965657,5,5,5,-1,False,False,0,1.0,6.2,-0.06183191388845444,0.0,8,0.0,0.0,-0.4,-0.6,-0.4
EVAL_COHORT3_ABLATION_OOD_V1,0fae4a054d6946e4a6e329c37377e846,acf5de54c45df6ed038f14f57cb245bb,S173963544,5,5,5,1,False,True,2,0.2,4.2,0.12644751369953156,0.75,8,0.5,1.0,0.0,0.2,-0.2
EVAL_COHORT3_ABLATION_OOD_V1,0fae4a054d6946e4a6e329c37377e846,fcb6afc188ec491d3c00fdf12c768f34,S173966431,5,5,5,-1,False,True,1,0.6,5.4,-0.047023843973875046,0.25,8,0.5,0.0,-0.6,-0.8,-0.39999999999999997
EVAL_COHORT3_ABLATION_OOD_V1,129d939f2f644541abec6197cef90f4e,3af62bbcf3af57854fff65bd48b7ea38,S173969933,5,5,5,1,False,False,0,0.8,5.6,0.1733338087797165,0.0,8,0.0,0.0,0.2,-0.6,-0.20000000000000007
EVAL_COHORT3_ABLATION_OOD_V1,129d939f2f644541abec6197cef90f4e,bf133ce41de69e0485346ebe53a38c9d,S173967894,5,5,5,1,False,False,0,1.0,6.0,0.1794547736644745,0.25,8,0.5,0.0,0.4,0.4,0.0
EVAL_COHORT3_ABLATION_OOD_V1,129d939f2f644541abec6197cef90f4e,e271333efe2e3f58bc5b5b0d3ac10a66,S173962028,5,5,5,1,False,False,0,1.0,6.6,0.12902067601680756,0.5,8,0.5,0.5,-0.2,-0.2,0.0
EVAL_COHORT3_ABLATION_OOD_V1,1849d4f296ff499ca43f8fac4547c666,89a87500d6dbd424e7d90e45c2c775a2,S173964335,5,5,5,-1,False,False,0,0.6,5.0,-0.004128449596464634,0.875,8,0.75,1.0,0.6,0.8,0.0
EVAL_COHORT3_ABLATION_OOD_V1,1849d4f296ff499ca43f8fac4547c666,8ec1b5e01653c5e5304171d042504243,S173960215,5,5,5,1,False,True,2,0.2,4.8,0.1326625943183899,0.875,8,0.75,1.0,0.6,1.2,0.39999999999999997
EVAL_COHORT3_ABLATION_OOD_V1,1849d4f296ff499ca43f8fac4547c666,a5485407b509b7ca7beb1e4f9678638b,S173963009,5,5,5,-1,False,True,2,0.2,4.8,0.08897095173597336,0.0,8,0.0,0.0,0.2,0.2,0.0
EVAL_COHORT3_ABLATION_OOD_V1,21d59e326b504dd6bd02f8055c95420e,8dcbf2bfe35c2e26dbfee56e00ae496e,S173962918,5,5,5,-1,False,False,0,0.8,5.8,-0.042519643902778625,0.5,8,0.75,0.25,0.4,0.6,0.19999999999999996
EVAL_COHORT3_ABLATION_OOD_V1,21d59e326b504dd6bd02f8055c95420e,a73ed7f9499bab458c947bda084196d8,S173965972,5,5,5,-1,False,True,1,0.6,5.4,0.08204139024019241,1.0,8,1.0,1.0,0.4,0.6,0.0
EVAL_COHORT3_ABLATION_OOD_V1,21d59e326b504dd6bd02f8055c95420e,bc19f2d22a88a4dacf865d8c95037b5c,S173963625,5,5,5,1,False,True,1,0.2,4.4,0.022741926833987236,0.75,8,0.75,0.75,0.6,1.0,0.39999999999999997
EVAL_COHORT3_ABLATION_OOD_V1,23cf5d08a816450d82c76b495ec8fd60,265dab676c76251a15e1200bfe30d14a,S173962371,5,5,5,1,False,False,0,1.0,6.4,0.24510565400123596,0.25,8,0.25,0.25,-0.2,-0.2,-0.19999999999999996
EVAL_COHORT3_ABLATION_OOD_V1,23cf5d08a816450d82c76b495ec8fd60,96f2269db398d3a4e009c6a7ff88d2d8,S173967505,5,5,5,1,False,True,2,0.2,4.6,0.00709247961640358,0.25,8,0.25,0.25,-1.0,-2.6,-1.0
EVAL_COHORT3_ABLATION_OOD_V1,23cf5d08a816450d82c76b495ec8fd60,ec35eac891a51c26d59065ace4929b4c,S173970773,5,5,5,-1,False,True,1,0.6,5.2,-0.0749167948961258,0.375,8,0.5,0.25,0.6,0.6,0.0
EVAL_COHORT3_ABLATION_OOD_V1,2743b884e7844e1fbef182a8de3a973d,6e6ce09e627d76c3dba89f3a0405264c,S173962652,5,5,5,-1,False,True,1,0.6,5.6,-0.04338107630610466,0.75,8,0.5,1.0,0.2,0.2,0.0
EVAL_COHORT3_ABLATION_OOD_V1,2743b884e7844e1fbef182a8de3a973d,807a2f427ef3d6aabb721c7ce5378ac0,S173966440,5,5,5,-1,False,True,2,0.2,4.6,0.028272191062569618,1.0,8,1.0,1.0,0.4,0.2,0.0
EVAL_COHORT3_ABLATION_OOD_V1,2743b884e7844e1fbef182a8de3a973d,dfbb0a2ceee526876541e83fe2023e77,S173962615,5,5,5,1,False,False,0,1.0,6.8,0.1949988156557083,0.0,8,0.0,0.0,-0.6,-0.6,0.0
EVAL_COHORT3_ABLATION_OOD_V1,27c9d68bf5f74390b4b546554baa4136,1a604d7bc78de1ebe5a0269f1408d7a8,S173970717,5,5,5,-1,False,True,1,0.2,4.6,0.07194899767637253,0.875,8,0.75,1.0,0.8,1.8,0.8
EVAL_COHORT3_ABLATION_OOD_V1,27c9d68bf5f74390b4b546554baa4136,3661526cffa00494900e96b905aa10a2,S173961170,5,5,5,-1,False,True,1,0.6,5.6,0.024745270609855652,0.75,8,0.75,0.75,0.0,0.0,0.0
EVAL_COHORT3_ABLATION_OOD_V1,27c9d68bf5f74390b4b546554baa4136,f6ab7daeba8172a2727fa73cee7f9097,S173969595,5,5,5,-1,False,True,1,0.4,5.2,-0.004606187343597412,0.5,8,0.5,0.5,0.2,1.2,0.6
EVAL_COHORT3_ABLATION_OOD_V1,27fa26dc57e24823aafc574236a2a0c4,82eae8b22f8f49e170fd9e239d145f50,S173962699,5,5,5,-1,False,True,1,0.6,5.6,-0.0880245491862297,1.0,8,1.0,1.0,0.2,0.4,0.4
EVAL_COHORT3_ABLATION_OOD_V1,27fa26dc57e24823aafc574236a2a0c4,bebda24152f71453d157033e044f7d9d,S173965119,5,5,5,1,False,True,1,0.4,4.8,0.018426302820444107,0.75,8,0.75,0.75,0.0,-0.2,-0.2
EVAL_COHORT3_ABLATION_OOD_V1,27fa26dc57e24823aafc574236a2a0c4,dcea421361b50d4250f600c8d098bdb9,S173963472,5,5,5,-1,False,True,1,0.6,5.4,-0.04286547750234604,1.0,8,1.0,1.0,0.6,1.2,0.4
EVAL_COHORT3_ABLATION_OOD_V1,2b51fb2bd581413fb85b3473a0197843,7b6959c451c8d84e2ab53188472371e9,S173968778,4,4,4,1,True,True,2,0.0,3.5,0.06881397217512131,0.75,8,0.5,1.0,-0.5,-1.0,-0.5
EVAL_COHORT3_ABLATION_OOD_V1,2b51fb2bd581413fb85b3473a0197843,d35dbd9b3e980d99f5cafe9f83bbe51f,S173964112,4,4,4,-1,False,True,1,0.5,4.75,-0.016458816826343536,0.25,8,0.25,0.25,0.25,0.75,0.5
EVAL_COHORT3_ABLATION_OOD_V1,2b51fb2bd581413fb85b3473a0197843,dd2ea86462d564b1018d88e34e993e8c,S173965114,4,4,4,1,False,False,0,1.0,5.75,0.12722474336624146,0.0,8,0.0,0.0,0.25,0.25,0.0
EVAL_COHORT3_ABLATION_OOD_V1,34321112da32411c874163be5408e0db,722bb995f6d3d4fad8e42ef01cdf7ac6,S173967813,4,4,4,-1,False,True,1,0.5,5.25,-0.019829288125038147,1.0,8,1.0,1.0,-0.5,-1.75,-0.75
EVAL_COHORT3_ABLATION_OOD_V1,34321112da32411c874163be5408e0db,74ed3b6c7de3d8cb284a85a99b81b469,S173965561,4,4,4,1,False,False,0,1.0,7.0,0.10768718644976616,0.625,8,0.5,0.75,-1.0,-1.5,-0.25
EVAL_COHORT3_ABLATION_OOD_V1,34321112da32411c874163be5408e0db,a8e608e754ccaf6ce01c151de2364aa9,S173967668,5,5,4,1,False,False,0,0.6,5.0,0.08252479881048203,0.5,8,0.5,0.5,-0.25,-0.25,0.0
EVAL_COHORT3_ABLATION_OOD_V1,39570b52e55844498773094717c8581c,1d4dcf1341c75e7de24c824236a494b5,S173965700,5,5,5,-1,False,False,0,0.8,6.0,-0.037188783288002014,0.5,8,0.25,0.75,-0.2,-0.8,-0.6000000000000001
EVAL_COHORT3_ABLATION_OOD_V1,39570b52e55844498773094717c8581c,c0a82e16fea9e32d1718f9bdcf160468,S173961987,5,5,5,-1,False,False,0,1.0,6.4,-0.06402283906936646,0.625,8,0.5,0.75,0.2,0.4,0.0
EVAL_COHORT3_ABLATION_OOD_V1,39570b52e55844498773094717c8581c,d31efbecc7c2c5ba93d01d3a3567721e,S173967668,5,5,5,1,False,False,0,0.8,5.2,0.08282829821109772,0.875,8,0.75,1.0,0.4,0.2,0.0
EVAL_COHORT3_ABLATION_OOD_V1,3e899097b33f4a49b8a28b96f90ed99d,143f1cb1263a5b0b8def4dd8714c4723,S173967728,5,5,5,1,False,True,1,0.6,5.0,-0.010998539626598358,0.25,8,0.5,0.0,0.2,0.2,0.0
EVAL_COHORT3_ABLATION_OOD_V1,3e899097b33f4a49b8a28b96f90ed99d,330a0c7046fda2c11305a6b5d49b6b43,S173970041,5,5,5,1,True,True,2,0.0,3.8,-0.013673253357410431,0.5,8,0.5,0.5,-0.4,-1.2,-0.6
EVAL_COHORT3_ABLATION_OOD_V1,3e899097b33f4a49b8a28b96f90ed99d,42d2bad2bbf40f27088b702457bb4f42,S173970372,5,5,5,1,False,False,0,1.0,6.4,0.1601308286190033,0.0,8,0.0,0.0,0.2,0.2,0.0
EVAL_COHORT3_ABLATION_OOD_V1,42c68a08bf804ffcb48e3686dc565ef6,1c769e30b2998d51ceb51db3c1fa2d6a,S173965037,4,4,4,-1,False,False,0,1.0,7.0,0.034206144977360964,0.75,8,0.75,0.75,-0.5,-1.75,-0.5
EVAL_COHORT3_ABLATION_OOD_V1,42c68a08bf804ffcb48e3686dc565ef6,245ed31bedd255247f45ee4f036f627b,S173965296,4,4,4,1,False,False,0,1.0,6.0,-0.008164552738890052,0.75,8,0.5,1.0,0.0,0.0,0.0
EVAL_COHORT3_ABLATION_OOD_V1,42c68a08bf804ffcb48e3686dc565ef6,55145d255d936266ff9d214a6930bbc6,S173960843,4,4,4,1,False,False,0,1.0,6.25,0.12085629999637604,0.375,8,0.75,0.0,0.0,0.0,0.0
EVAL_COHORT3_ABLATION_OOD_V1,4939e6bb4dcf42f9b95c10faa79b2f52,19dbe19ca94705bf07a17f5539e516fb,S173966653,5,5,5,1,False,True,2,0.2,4.4,0.12435531616210938,0.25,8,0.5,0.0,0.6,0.6,0.0
EVAL_COHORT3_ABLATION_OOD_V1,4939e6bb4dcf42f9b95c10faa79b2f52,e10354992364eb27a3cdf0790dbf7df9,S173960342,5,5,5,-1,False,True,1,0.6,5.0,0.030611297115683556,0.625,8,0.75,0.5,0.2,0.2,0.0
EVAL_COHORT3_ABLATION_OOD_V1,4939e6bb4dcf42f9b95c10faa79b2f52,fd9febbf977b0b3ac2ad2ebc95408466,S173961609,5,5,5,1,True,True,2,0.0,4.4,0.06049767881631851,0.25,8,0.25,0.25,-0.6,-1.0,-0.2
EVAL_COHORT3_ABLATION_OOD_V1,4b6f705ca9ee401993335e779cb286a7,5df64cc08d09d0c9363237f2e5a6aff4,S173966095,5,5,5,1,False,False,0,0.6,4.6,0.06281843781471252,0.875,8,0.75,1.0,0.4,0.2,-0.19999999999999996
EVAL_COHORT3_ABLATION_OOD_V1,4b6f705ca9ee401993335e779cb286a7,bae5cc2ee890250ae8543bfc679ef9f8,S173967138,5,5,5,1,False,True,1,0.6,5.2,0.18649199604988098,0.5,8,0.25,0.75,0.6,1.6,0.4
EVAL_COHORT3_ABLATION_OOD_V1,4b6f705ca9ee401993335e779cb286a7,f5d655d20c4733afbe5539321e0e4964,S173964112,5,5,5,-1,False,False,0,1.0,6.6,-0.029216356575489044,0.0,8,0.0,0.0,0.4,0.4,0.0
EVAL_COHORT3_ABLATION_OOD_V1,4b741801cddc4d4a986e2bf9b18db2ec,1b66c97b32e32372a427b64c2969d1ac,S173966583,5,5,5,1,False,False,0,1.0,6.2,0.18673914670944214,0.875,8,0.75,1.0,0.6,0.6,0.0
EVAL_COHORT3_ABLATION_OOD_V1,4b741801cddc4d4a986e2bf9b18db2ec,52fb79ffe06cf14bb639b313861baa68,S173968739,5,5,5,1,False,True,2,0.2,4.6,0.06834008544683456,0.0,8,0.0,0.0,-0.4,-1.0,-0.4
EVAL_COHORT3_ABLATION_OOD_V1,4b741801cddc4d4a986e2bf9b18db2ec,72097d01e05230794e219812423fd3ca,S173968549,5,5,5,1,False,False,0,1.0,6.4,0.20663699507713318,0.0,8,0.0,0.0,0.0,0.0,0.0
EVAL_COHORT3_ABLATION_OOD_V1,4b7cd1b6c924413f89b55c0d271b16c0,4635b9b8ee9bdf76bd0ca2fb8e293b16,S173962803,5,5,5,1,False,True,1,0.2,4.4,0.15605096518993378,0.125,8,0.25,0.0,0.2,0.6,0.39999999999999997
EVAL_COHORT3_ABLATION_OOD_V1,4b7cd1b6c924413f89b55c0d271b16c0,46bfb6946864bb4697c2449e436f4d0e,S173965119,5,5,5,1,False,False,0,0.8,5.4,0.08779245615005493,0.25,8,0.5,0.0,0.6,1.0,0.19999999999999996
EVAL_COHORT3_ABLATION_OOD_V1,4b7cd1b6c924413f89b55c0d271b16c0,a03b7d0f39350166dd03af3d6c0bef1b,S173964588,5,5,5,-1,False,False,0,1.0,6.8,-0.08198908716440201,0.25,8,0.5,0.0,-0.2,-1.0,-0.4
EVAL_COHORT3_ABLATION_OOD_V1,511158edee374ed9b3c4e814bdfc23a8,141de3d0be541599cb457c3914d9083b,S173968514,4,4,4,1,False,False,0,1.0,5.5,0.08993205800652504,0.25,8,0.25,0.25,0.5,0.5,0.0
EVAL_COHORT3_ABLATION_OOD_V1,511158edee374ed9b3c4e814bdfc23a8,3e583de29c2574858a02bfc3c7144ca9,S173961493,5,5,4,1,False,True,2,0.2,4.4,0.16335764527320862,0.0,8,0.0,0.0,0.25,0.75,0.5
EVAL_COHORT3_ABLATION_OOD_V1,511158edee374ed9b3c4e814bdfc23a8,85b39127661c8f8b973f6f98290ec1bd,S173963437,4,4,4,-1,False,False,0,0.5,5.25,-0.01772112213075161,0.625,8,0.25,1.0,-0.75,-2.5,-1.0
EVAL_COHORT3_ABLATION_OOD_V1,5493f17b06c74fe083fe207865f9b12b,0aa64da3c31114265c5a968b1f752ddd,S173967803,5,5,4,1,False,True,1,0.6,4.8,0.05979239195585251,0.5,8,0.75,0.25,0.75,1.25,0.0
EVAL_COHORT3_ABLATION_OOD_V1,5493f17b06c74fe083fe207865f9b12b,7115ed81cedf5212df69e6054348c71c,S173966341,5,5,4,1,False,False,0,0.8,5.6,0.04669627547264099,1.0,8,1.0,1.0,0.25,0.25,0.25
EVAL_COHORT3_ABLATION_OOD_V1,5493f17b06c74fe083fe207865f9b12b,a5f4b2d2515176edea421abc32817fc1,S173965040,5,5,4,-1,False,False,0,1.0,6.6,-0.00025843922048807144,0.5,8,0.5,0.5,0.0,0.0,0.0
EVAL_COHORT3_ABLATION_OOD_V1,59442b23c38743f99ad77b1baa75329d,1eb0380d731dbb0697b591a1c89089a9,S173968254,5,5,5,1,False,True,2,0.2,4.6,0.08571543544530869,0.875,8,0.75,1.0,0.6,1.6,0.8
EVAL_COHORT3_ABLATION_OOD_V1,59442b23c38743f99ad77b1baa75329d,344deabb3ae45cf70b15de1f14169367,S173965670,4,4,4,1,True,True,1,0.0,3.75,0.01979728229343891,0.875,8,0.75,1.0,0.0,0.0,0.0
EVAL_COHORT3_ABLATION_OOD_V1,59442b23c38743f99ad77b1baa75329d,c44daf583456a529e3f74068d9ce6843,S173963394,5,5,5,-1,False,True,1,0.6,5.4,-0.05095972865819931,0.75,8,0.75,0.75,0.6,1.2,0.4
EVAL_COHORT3_ABLATION_OOD_V1,5a57893a4f56414bbf819c4326692630,087c223770d517e254c8e892d172d759,S173965119,5,5,5,1,False,False,0,0.8,5.8,0.023194869980216026,0.875,8,0.75,1.0,0.4,0.6,0.19999999999999996
EVAL_COHORT3_ABLATION_OOD_V1,5a57893a4f56414bbf819c4326692630,be3c16f48eab6340ddca366b8c3bcc26,S173970801,5,5,5,1,False,False,0,0.8,6.0,0.03543772175908089,0.5,8,0.5,0.5,0.6,0.8,0.19999999999999996
EVAL_COHORT3_ABLATION_OOD_V1,5a57893a4f56414bbf819c4326692630,c48a7d6a05ba0b44bbc5e2e74e823cba,S173963472,5,5,5,-1,False,False,0,0.8,5.8,-0.10010272264480591,0.125,8,0.25,0.0,-0.2,-1.4,-0.6000000000000001
EVAL_COHORT3_ABLATION_OOD_V1,5d6315caafa34eeb91637b5300957236,60c40ac1e05ab0f7539298469236bd41,S173960732,5,5,5,-1,False,True,2,0.2,4.2,0.005899996496737003,0.0,8,0.0,0.0,0.6,1.0,0.39999999999999997
EVAL_COHORT3_ABLATION_OOD_V1,5d6315caafa34eeb91637b5300957236,b34b858de17f518fa68f98f14992cf00,S173964772,5,5,5,1,False,False,0,1.0,5.8,0.11711280792951584,0.875,8,0.75,1.0,0.0,0.0,0.0
EVAL_COHORT3_ABLATION_OOD_V1,5d6315caafa34eeb91637b5300957236,cd41d5bdc456aed42ea50945d04796fe,S173967352,5,5,5,-1,False,True,1,0.6,5.8,-0.014109626412391663,0.75,8,1.0,0.5,-0.2,-0.2,0.0
EVAL_COHORT3_ABLATION_OOD_V1,5ead2b86119f4c57bd58aa7a74cc98d7,06d09e84b9063909e232b3de41fd4d76,S173963117,5,5,5,1,False,False,0,0.8,5.8,0.10182128101587296,0.5,8,0.5,0.5,0.0,0.0,-0.20000000000000007
EVAL_COHORT3_ABLATION_OOD_V1,5ead2b86119f4c57bd58aa7a74cc98d7,60664905b60ffc9455b560fa051e3bdc,S173967330,5,5,5,1,False,True,1,0.6,5.0,0.05113133788108826,0.875,8,0.75,1.0,0.0,0.4,0.4
EVAL_COHORT3_ABLATION_OOD_V1,5ead2b86119f4c57bd58aa7a74cc98d7,a45db45cf1713780e4b5f5b804ff7960,S173965299,5,5,5,1,False,True,2,0.2,3.8,0.021568935364484787,0.875,8,1.0,0.75,0.6,0.6,0.0
EVAL_COHORT3_ABLATION_OOD_V1,5f7a57592e5d4ffe9c446aae87f27843,0f42a613e40d3d491ad8bd3bb43031de,S173962005,4,4,4,1,False,False,0,1.0,6.25,0.04092987347394228,0.125,8,0.25,0.0,0.0,0.0,0.0
EVAL_COHORT3_ABLATION_OOD_V1,5f7a57592e5d4ffe9c446aae87f27843,0f983bff99afcaf12b52aebded3f2e21,S173963874,4,4,4,1,True,True,1,0.0,3.75,0.01264960691332817,0.75,8,0.75,0.75,0.0,0.0,-0.25
EVAL_COHORT3_ABLATION_OOD_V1,5f7a57592e5d4ffe9c446aae87f27843,cb9dfda15c73455aec410314e922d26d,S173964568,5,5,4,1,False,False,0,0.8,5.8,0.19913285970687866,0.75,8,0.75,0.75,0.5,1.0,0.25
EVAL_COHORT3_ABLATION_OOD_V1,65b86b2b2f694eb99561ec8a25d23c23,017a4908c251f384b319d563b0fe5685,S173963293,5,5,5,1,True,True,2,0.0,3.8,-0.05887019634246826,0.75,8,0.75,0.75,0.2,0.4,0.2
EVAL_COHORT3_ABLATION_OOD_V1,65b86b2b2f694eb99561ec8a25d23c23,442b20d099e0636f0721bda609dcb158,S173964415,5,5,5,1,False,False,0,0.6,5.4,0.06043475866317749,0.625,8,0.5,0.75,0.0,0.2,0.0
EVAL_COHORT3_ABLATION_OOD_V1,65b86b2b2f694eb99561ec8a25d23c23,8f95e8bea9be50128375032b92db4d2f,S173963422,5,5,5,1,False,True,2,0.2,4.2,0.1139732301235199,1.0,8,1.0,1.0,0.6,0.6,0.0
EVAL_COHORT3_ABLATION_OOD_V1,685dd4b4a3fc4567bca6dadd48a87de3,7361860a0cdabcec06afd3aeeed822af,S173966334,4,4,4,1,True,True,2,0.0,4.75,0.07438488118350506,0.75,8,1.0,0.5,-0.5,-1.25,0.0
EVAL_COHORT3_ABLATION_OOD_V1,685dd4b4a3fc4567bca6dadd48a87de3,9259c7ee151a29d6bc33eb4bde147097,S173962676,4,4,4,1,False,False,0,1.0,6.5,0.12043268233537674,0.25,8,0.5,0.0,-0.25,-0.25,0.0
EVAL_COHORT3_ABLATION_OOD_V1,685dd4b4a3fc4567bca6dadd48a87de3,9aeb4a5cfc280f3b9c8b17f1ffe7399a,S173961814,5,5,5,1,False,True,2,0.2,4.4,-0.0006518326699733734,0.25,8,0.25,0.25,0.0,0.2,0.39999999999999997
EVAL_COHORT3_ABLATION_OOD_V1,6b626b48bfa648e590ba198746dc051f,2832ac923445d74b302bef45ce808c9a,S173969941,5,5,5,1,False,True,2,0.2,3.4,0.0231555737555027,1.0,8,1.0,1.0,0.4,0.4,0.0
EVAL_COHORT3_ABLATION_OOD_V1,6b626b48bfa648e590ba198746dc051f,2ba26bc4038ea9846f7a024a2315ceb5,S173969674,5,5,5,-1,False,False,0,1.0,6.6,-0.04724523425102234,1.0,8,1.0,1.0,0.2,0.2,0.0
EVAL_COHORT3_ABLATION_OOD_V1,6b626b48bfa648e590ba198746dc051f,b309d7f04eb08c1da255c5174319fa8a,S173966891,5,5,5,1,False,True,1,0.4,4.6,0.17649488151073456,0.0,8,0.0,0.0,0.6,0.8,0.19999999999999996
EVAL_COHORT3_ABLATION_OOD_V1,6c892156e34c446bba54dfb3cb60a93f,0b2291f55ec17aa158c90267f2e5753e,S173965220,5,5,5,1,False,False,0,0.8,5.8,0.13271716237068176,0.25,8,0.5,0.0,0.4,0.4,0.0
EVAL_COHORT3_ABLATION_OOD_V1,6c892156e34c446bba54dfb3cb60a93f,7ae7cad365a1d2c521229f820d1d909f,S173963019,5,5,5,1,False,True,2,0.2,3.6,-0.11560749262571335,0.875,8,0.75,1.0,-0.2,-0.4,-0.2
EVAL_COHORT3_ABLATION_OOD_V1,6c892156e34c446bba54dfb3cb60a93f,aa74d437e9378d4071fd98b6771bcacb,S173965929,5,5,5,-1,False,False,0,1.0,6.4,0.0632576271891594,1.0,8,1.0,1.0,0.2,0.2,0.0
EVAL_COHORT3_ABLATION_OOD_V1,6f1e44f3d6734fcba80fcb918daaaa3e,853194e4fdcaad1d334dfb9be993bae8,S173965561,5,5,5,1,True,True,2,0.0,4.2,0.025151707231998444,0.5,8,0.75,0.25,-0.6,-0.6,0.0
EVAL_COHORT3_ABLATION_OOD_V1,6f1e44f3d6734fcba80fcb918daaaa3e,a848f0e87822ca58db843facf0782b45,S173965012,5,5,5,1,False,False,0,1.0,6.0,0.06796853989362717,0.375,8,0.75,0.0,0.4,0.6,0.0
EVAL_COHORT3_ABLATION_OOD_V1,6f1e44f3d6734fcba80fcb918daaaa3e,aaad9c076d69ade2850ad8f468c756e5,S173961354,5,5,5,-1,False,True,1,0.6,5.4,-0.05466577783226967,0.25,8,0.5,0.0,0.4,0.6,0.20000000000000007
EVAL_COHORT3_ABLATION_OOD_V1,711db6abc00642b7af4679f1f84b9e41,099a3f1cf2f91dabb0eceb6199df07a0,S173962183,5,5,5,-1,False,False,0,1.0,5.8,0.01975124329328537,1.0,8,1.0,1.0,0.0,0.2,-0.19999999999999996
EVAL_COHORT3_ABLATION_OOD_V1,711db6abc00642b7af4679f1f84b9e41,74a3d9c2a1dc6909e95a52d5467a1c61,S173962923,5,5,5,-1,False,False,0,0.4,5.2,-0.01575704850256443,0.625,8,0.25,1.0,-0.2,-0.2,-0.2
EVAL_COHORT3_ABLATION_OOD_V1,711db6abc00642b7af4679f1f84b9e41,9b3d10ad266515a0643773803e77bb37,S173968116,5,5,5,-1,False,True,2,0.2,4.4,0.0362335741519928,1.0,8,1.0,1.0,0.4,0.8,0.39999999999999997
EVAL_COHORT3_ABLATION_OOD_V1,71e5092d07d04fc883eb3a0d2dedca9f,052265a67b73a51cf0b2294a0dcb7467,S173967762,5,5,5,1,False,False,0,1.0,5.2,0.1619667261838913,0.75,8,0.75,0.75,0.8,1.2,0.0
EVAL_COHORT3_ABLATION_OOD_V1,71e5092d07d04fc883eb3a0d2dedca9f,8df622e666c2a6832b4a0e7dc2d2a5bb,S173968165,5,5,5,1,False,False,0,0.8,5.2,-0.026475131511688232,0.875,8,0.75,1.0,0.2,0.2,0.19999999999999996
EVAL_COHORT3_ABLATION_OOD_V1,71e5092d07d04fc883eb3a0d2dedca9f,e154797626c947e4046b4dd4ba842b6d,S173967894,5,5,5,1,False,False,0,0.6,5.4,0.14877812564373016,0.5,8,0.75,0.25,0.0,0.0,0.4
EVAL_COHORT3_ABLATION_OOD_V1,7324c66c6d5e40e3bdf83ea9202fe9a0,4773edafe95358e674cf1481862234e3,S173970803,5,5,5,1,False,True,1,0.2,4.2,0.14241757988929749,0.625,8,0.75,0.5,0.2,1.0,0.6000000000000001
EVAL_COHORT3_ABLATION_OOD_V1,7324c66c6d5e40e3bdf83ea9202fe9a0,67c3e750e6c02a801f8641ee08c40a73,S173963661,4,4,4,1,False,True,1,0.25,4.25,0.11197607591748238,0.875,8,0.75,1.0,0.25,0.5,0.0
EVAL_COHORT3_ABLATION_OOD_V1,7324c66c6d5e40e3bdf83ea9202fe9a0,d117f27c47bae80415447e06b907ca89,S173963095,5,5,5,-1,False,True,2,0.2,5.0,-0.008007027208805084,0.25,8,0.25,0.25,-0.2,-0.2,0.0
EVAL_COHORT3_ABLATION_OOD_V1,744ab2fb5ef9412b9e581d496bf7fbac,30b9e088d6f34d7dd6c40b65f061a002,S173962238,5,5,5,-1,False,False,0,1.0,6.8,-0.08252812922000885,0.25,8,0.25,0.25,0.2,0.2,0.0
EVAL_COHORT3_ABLATION_OOD_V1,744ab2fb5ef9412b9e581d496bf7fbac,77007f42a6540ca3963874a2aa092732,S173961030,5,5,5,1,False,True,2,0.2,4.8,-0.02980668470263481,0.5,8,0.5,0.5,-0.6,-1.4,-0.8
EVAL_COHORT3_ABLATION_OOD_V1,744ab2fb5ef9412b9e581d496bf7fbac,db45e37e1ceb43c25c5f5b8937b9f5fd,S173965991,4,4,4,-1,False,False,0,0.75,6.0,-0.01490496564656496,0.0,8,0.0,0.0,-0.5,-0.75,-0.25
EVAL_COHORT3_ABLATION_OOD_V1,74b391a6cce24847b1cd19146c73318f,51891998b3d4a5356836f7f22b16762f,S173960342,4,4,4,-1,False,True,1,0.5,5.5,0.001035992056131363,0.625,8,0.5,0.75,0.5,1.25,0.5
EVAL_COHORT3_ABLATION_OOD_V1,74b391a6cce24847b1cd19146c73318f,87a71bbbd3091d939d32f2bfe07a82cf,S173964136,4,4,4,1,True,True,2,0.0,4.0,0.0547397518530488,1.0,8,1.0,1.0,0.25,0.5,0.0
EVAL_COHORT3_ABLATION_OOD_V1,74b391a6cce24847b1cd19146c73318f,ce132a7e49c6bb39c794052f99f3de71,S173967072,4,4,4,-1,False,False,0,1.0,6.5,0.04691012017428875,0.25,8,0.5,0.0,0.25,0.25,0.0
EVAL_COHORT3_ABLATION_OOD_V1,7777877c417b498185789254258d2b4e,2f0f65464a6c8ce932f4380e24323540,S173960439,4,4,4,-1,False,True,1,0.5,4.75,-0.07090497761964798,0.25,8,0.25,0.25,0.75,1.5,0.5
EVAL_COHORT3_ABLATION_OOD_V1,7777877c417b498185789254258d2b4e,42be7e6a12b0935c94e8bab4b5529be9,S173965699,5,5,4,1,True,True,1,0.0,4.2,0.030753714963793755,1.0,8,1.0,1.0,1.0,2.0,1.0
EVAL_COHORT3_ABLATION_OOD_V1,7777877c417b498185789254258d2b4e,8479e62f64847976239042e13d7f0f31,S173961389,5,5,4,1,False,True,1,0.6,5.0,0.1211414486169815,0.625,8,0.5,0.75,0.25,0.5,0.5
EVAL_COHORT3_ABLATION_OOD_V1,791956d8aefe44fabaa09ddeda8a8be7,3597bc41706e0218edcb26b1052334c5,S173960757,5,5,5,1,False,False,0,1.0,6.6,0.14568312466144562,0.625,8,0.5,0.75,-0.2,-0.4,-0.4
EVAL_COHORT3_ABLATION_OOD_V1,791956d8aefe44fabaa09ddeda8a8be7,38e323db440b4a7b81d14d4683ab6cfb,S173969667,5,5,5,1,True,True,2,0.0,4.0,-0.05544622987508774,0.75,8,0.75,0.75,0.8,1.8,0.8
EVAL_COHORT3_ABLATION_OOD_V1,791956d8aefe44fabaa09ddeda8a8be7,c89d735a94b46ebc4abf547f1d78d590,S173967842,5,5,5,1,False,True,1,0.4,5.4,0.06627529859542847,0.75,8,1.0,0.5,-0.2,-0.2,0.19999999999999996
EVAL_COHORT3_ABLATION_OOD_V1,7ed36cfa72234ed89d632fb1408465fd,42e4d897a2e7207c6115c9b2cd5ec080,S173969743,4,4,4,1,True,True,2,0.0,4.5,0.016004381701350212,0.25,8,0.5,0.0,-0.25,0.0,0.25
EVAL_COHORT3_ABLATION_OOD_V1,7ed36cfa72234ed89d632fb1408465fd,76346639f77a2b2fdf2d8c75557f0811,S173966549,5,5,5,-1,False,True,1,0.6,5.4,-0.0330909863114357,1.0,8,1.0,1.0,-0.2,-0.2,-0.19999999999999996
EVAL_COHORT3_ABLATION_OOD_V1,7ed36cfa72234ed89d632fb1408465fd,b916ebfe7c82dbbbf4e160bf07314e1c,S173962472,5,5,5,1,False,False,0,0.8,5.4,-0.024399040266871452,1.0,8,1.0,1.0,0.2,0.2,-0.20000000000000007
EVAL_COHORT3_ABLATION_OOD_V1,7f67dbac87f14f1685b3b46eac390b9e,483e2f37e393bfd0f01c85f0fb251380,S173960333,5,5,5,1,False,True,1,0.6,5.6,0.17595236003398895,0.25,8,0.0,0.5,0.6,1.4,0.4
EVAL_COHORT3_ABLATION_OOD_V1,7f67dbac87f14f1685b3b46eac390b9e,4f72b331e54e2dcd14a1815bf810f80d,S173962691,5,5,5,1,False,True,2,0.2,4.4,0.08387752622365952,0.0,8,0.0,0.0,0.4,2.2,0.8
EVAL_COHORT3_ABLATION_OOD_V1,7f67dbac87f14f1685b3b46eac390b9e,a8844ba39f79848b526dfb718f2e4f9a,S173963972,5,5,5,-1,False,True,1,0.2,4.4,0.07548193633556366,0.125,8,0.25,0.0,0.0,-0.8,-0.4
EVAL_COHORT3_ABLATION_OOD_V1,82e69de705b44283bd758958970b4396,0a9d89dfa76afefc3ad442a93b8d32f1,S173967563,4,4,4,1,False,False,0,0.75,5.5,0.05670447368174791,0.875,8,1.0,0.75,0.0,0.0,-0.25
EVAL_COHORT3_ABLATION_OOD_V1,82e69de705b44283bd758958970b4396,dbdfe338d827b2441e83a0464c66fc9d,S173962841,5,5,5,-1,False,False,0,1.0,6.2,-0.08871433138847351,0.0,8,0.0,0.0,0.2,0.4,0.0
EVAL_COHORT3_ABLATION_OOD_V1,82e69de705b44283bd758958970b4396,e9bb0c390dc4a5d8cf02b4196ee1365d,S173966104,5,5,5,-1,False,True,1,0.4,5.4,-0.03628995269536972,0.875,8,1.0,0.75,0.6,1.2,0.6
EVAL_COHORT3_ABLATION_OOD_V1,8a2f6117d21642a7bf9f27620eb645d7,83c3b1a51b69f6321e4f4dab3ce6e0be,S173966101,4,4,4,1,False,False,0,1.0,6.75,0.02321784757077694,0.625,8,0.5,0.75,0.0,0.0,0.0
EVAL_COHORT3_ABLATION_OOD_V1,8a2f6117d21642a7bf9f27620eb645d7,c133bb4ce4524166152c7911108f82e9,S173963106,5,5,5,-1,False,True,2,0.2,4.0,0.029415473341941833,0.125,8,0.25,0.0,-0.8,-1.8,-1.0
EVAL_COHORT3_ABLATION_OOD_V1,8a2f6117d21642a7bf9f27620eb645d7,edc79f3571be63d0cdc85040b391d2a5,S173967899,5,5,5,-1,False,False,0,1.0,5.4,0.0459042564034462,0.25,8,0.5,0.0,0.8,0.8,0.0
EVAL_COHORT3_ABLATION_OOD_V1,8c85b56004284b108e871c7f1a92766e,41114ae7b29837c7d40950907d4057df,S173961757,4,4,4,-1,False,True,1,0.25,4.5,0.02741723135113716,0.875,8,0.75,1.0,0.25,0.5,0.25
EVAL_COHORT3_ABLATION_OOD_V1,8c85b56004284b108e871c7f1a92766e,b895ffc0f880e3b68a23e129a7f1f6ad,S173960757,5,5,4,1,False,False,0,1.0,5.6,0.159444659948349,0.125,8,0.25,0.0,0.5,0.25,-0.5
EVAL_COHORT3_ABLATION_OOD_V1,8c85b56004284b108e871c7f1a92766e,d5a627f37dd78d9adb9b23f22d33f8d0,S173965347,5,5,4,-1,False,False,0,1.0,5.6,0.08343753218650818,0.5,8,0.25,0.75,0.5,0.0,-0.5
EVAL_COHORT3_ABLATION_OOD_V1,8cfbb67758304c838fe43ee54118235e,4859139bb0af486c15d0815b3c3886e7,S173961757,4,4,4,1,True,True,2,0.0,3.75,0.044283959083259106,0.0,8,0.0,0.0,-0.75,-2.0,-1.0
EVAL_COHORT3_ABLATION_OOD_V1,8cfbb67758304c838fe43ee54118235e,b744d61b5d302ce6aac6c919d76ba401,S173965016,4,4,4,1,True,True,2,0.0,4.0,0.06303230300545692,0.125,8,0.25,0.0,0.0,0.0,0.0
EVAL_COHORT3_ABLATION_OOD_V1,8cfbb67758304c838fe43ee54118235e,c566d676d7d0b7ba7693e12d1f576df2,S173963106,4,4,4,1,False,True,1,0.25,4.0,0.05775585398077965,0.5,8,0.5,0.5,0.0,-0.25,-0.25
EVAL_COHORT3_ABLATION_OOD_V1,8df59b005d7341be89249db8e06bf2ca,84d0d8d1ab0729904717ba0bc8c42fd2,S173965381,5,5,4,1,False,True,1,0.6,6.0,0.20929096639156342,0.125,8,0.25,0.0,0.25,0.25,0.0
EVAL_COHORT3_ABLATION_OOD_V1,8df59b005d7341be89249db8e06bf2ca,90090657236276df4c7ef00e68ee54e7,S173968856,5,5,4,-1,False,False,0,1.0,6.6,0.03360188752412796,1.0,8,1.0,1.0,0.25,0.25,0.0
EVAL_COHORT3_ABLATION_OOD_V1,8df59b005d7341be89249db8e06bf2ca,f875643fb8200c800046468ccb582c39,S173967505,4,4,4,1,False,False,0,0.75,5.5,0.06562646850943565,0.125,8,0.25,0.0,-1.0,-2.25,-1.25
EVAL_COHORT3_ABLATION_OOD_V1,905fe9d3af2c40af8dfffa8f04349e3d,542b0f2925c1abceb8496140067b97cf,S173966952,5,5,5,1,False,True,1,0.6,5.0,0.17871032655239105,0.125,8,0.25,0.0,0.6,1.2,0.4
EVAL_COHORT3_ABLATION_OOD_V1,905fe9d3af2c40af8dfffa8f04349e3d,6c356f8768d6e49f09373cf0637856f1,S173960732,5,5,5,1,False,True,2,0.2,4.4,-0.011945989914238453,1.0,8,1.0,1.0,0.2,-0.6,-0.4
EVAL_COHORT3_ABLATION_OOD_V1,905fe9d3af2c40af8dfffa8f04349e3d,eb7dffded7c8938803158e44f85794ff,S173963469,5,5,5,1,False,True,1,0.6,5.6,0.1509297490119934,0.0,8,0.0,0.0,0.0,0.0,0.0
EVAL_COHORT3_ABLATION_OOD_V1,911e0a61f3574a45aec453b46bcf6da9,17c7243f87f221a4d70ff0f3927b7120,S173970813,5,5,5,1,False,True,1,0.6,5.0,0.17256459593772888,1.0,8,1.0,1.0,0.2,0.2,0.0
EVAL_COHORT3_ABLATION_OOD_V1,911e0a61f3574a45aec453b46bcf6da9,29c4be1f7a40b55cb2d4e781e4b2e8df,S173961603,5,5,5,1,False,True,1,0.6,6.0,0.05421866476535797,0.75,8,0.5,1.0,-0.2,0.0,0.4
EVAL_COHORT3_ABLATION_OOD_V1,911e0a61f3574a45aec453b46bcf6da9,65a7132a9c99210c452a5e596d2c1091,S173970372,5,5,5,1,False,False,0,1.0,6.4,0.13211913406848907,0.75,8,1.0,0.5,0.6,0.6,0.0
EVAL_COHORT3_ABLATION_OOD_V1,9276be3b71dd41078f5ad362546aab02,6001535116abd397215227cea29940e1,S173962726,5,5,5,1,False,True,1,0.6,4.6,0.15276850759983063,0.625,8,0.75,0.5,0.0,0.2,0.0
EVAL_COHORT3_ABLATION_OOD_V1,9276be3b71dd41078f5ad362546aab02,8d6e301248080f38076bdd2b4071c153,S173963893,5,5,5,-1,False,True,2,0.2,4.4,-0.16878822445869446,0.0,8,0.0,0.0,0.2,0.4,0.39999999999999997
EVAL_COHORT3_ABLATION_OOD_V1,9276be3b71dd41078f5ad362546aab02,96c2bb463f534236d388a59c5b597a28,S173967885,5,5,5,1,False,False,0,1.0,6.4,0.1134919673204422,0.875,8,0.75,1.0,0.4,0.4,0.0
EVAL_COHORT3_ABLATION_OOD_V1,93069a39ddfd47e79eb24c8fbf81c205,51e87b9fa32047b88fbd07a1113c9a6f,S173961290,5,5,5,-1,False,False,0,1.0,5.8,-0.09155432134866714,0.375,8,0.75,0.0,0.4,0.4,0.0
EVAL_COHORT3_ABLATION_OOD_V1,93069a39ddfd47e79eb24c8fbf81c205,b893da8f46cedb7ed457971aef003230,S173964677,5,5,5,1,False,True,1,0.6,4.8,0.02634001150727272,0.625,8,0.25,1.0,-0.2,-0.4,-0.39999999999999997
EVAL_COHORT3_ABLATION_OOD_V1,93069a39ddfd47e79eb24c8fbf81c205,b8e5fdfade4da68f35dee840c8ab2e3d,S173963894,5,5,5,1,False,True,1,0.6,4.6,0.11902223527431488,0.875,8,0.75,1.0,0.4,0.6,0.0
EVAL_COHORT3_ABLATION_OOD_V1,9357ead1202f42abbf107203d1614cf3,369336691c630da82f86773df2775cf9,S173969449,4,4,4,1,False,False,0,0.75,5.25,0.10451499000191689,0.625,8,0.25,1.0,0.5,0.25,0.25
EVAL_COHORT3_ABLATION_OOD_V1,9357ead1202f42abbf107203d1614cf3,4a611c44a82a1e0176c58933468e62f1,S173970709,4,4,4,-1,False,False,0,1.0,5.5,-0.029654165729880333,1.0,8,1.0,1.0,0.5,0.75,0.0
EVAL_COHORT3_ABLATION_OOD_V1,9357ead1202f42abbf107203d1614cf3,83ba8d50ea7946b0c32e9f3f69e09071,S173966359,5,5,4,1,False,True,1,0.6,5.0,0.14714361727237701,0.125,8,0.25,0.0,1.0,1.25,0.5
EVAL_COHORT3_ABLATION_OOD_V1,93a94fdfc1b7444e8cfd426ee0b024bf,3fb9f8404e21ce78a79a745d0c2fa983,S173968519,5,5,5,1,False,True,1,0.4,4.6,0.1435089111328125,0.375,8,0.5,0.25,0.8,1.4,0.6
EVAL_COHORT3_ABLATION_OOD_V1,93a94fdfc1b7444e8cfd426ee0b024bf,62550658ba826785a63031f59ff4483b,S173969449,4,4,4,1,False,False,0,0.75,5.25,0.15825096517801285,0.0,8,0.0,0.0,0.25,0.75,0.25
EVAL_COHORT3_ABLATION_OOD_V1,93a94fdfc1b7444e8cfd426ee0b024bf,e42824ba9aedb02e681832f39aac8c32,S173964743,5,5,5,1,False,False,0,0.6,5.0,0.042712803930044174,0.875,8,0.75,1.0,0.2,0.6,0.20000000000000007
EVAL_COHORT3_ABLATION_OOD_V1,96eccfe4db184d0a9149ac2adfbc5c2c,2dbfcff74dcd0d0ab0b8d96d1ad18613,S173969199,5,5,4,-1,False,False,0,1.0,6.2,0.06733088195323944,0.75,8,0.75,0.75,0.5,0.5,0.0
EVAL_COHORT3_ABLATION_OOD_V1,96eccfe4db184d0a9149ac2adfbc5c2c,4d63b0f44db5ed430efdaa09c44a1337,S173964436,5,5,4,1,False,False,0,1.0,5.8,0.14619950950145721,0.375,8,0.5,0.25,0.0,0.0,0.0
EVAL_COHORT3_ABLATION_OOD_V1,96eccfe4db184d0a9149ac2adfbc5c2c,ce34fb47c37792689e0f5000af7f10d8,S173962002,4,4,4,-1,False,True,1,0.25,4.5,-0.07085764221847057,0.25,8,0.25,0.25,0.5,0.75,0.25
EVAL_COHORT3_ABLATION_OOD_V1,a36f169e538445fab5d30d63315e4cbb,7c5daa7bcb7252a20ef383024bc1ebb1,S173965385,5,5,5,1,False,False,0,1.0,7.0,0.11450593173503876,0.875,8,0.75,1.0,0.0,0.0,0.0
EVAL_COHORT3_ABLATION_OOD_V1,a36f169e538445fab5d30d63315e4cbb,7e6ab0aa7cf6f333673db802e354fe27,S173969674,5,5,5,-1,False,True,1,0.2,4.2,-0.01383860781788826,0.75,8,0.5,1.0,0.8,1.2,0.39999999999999997
EVAL_COHORT3_ABLATION_OOD_V1,a36f169e538445fab5d30d63315e4cbb,8a6c26dbf25167b1fb588b17b79c7135,S173969601,5,5,5,1,False,False,0,1.0,6.6,0.1681794822216034,0.125,8,0.25,0.0,0.2,0.2,0.0
EVAL_COHORT3_ABLATION_OOD_V1,a7d02b343a52468cbc33eb4f28669310,76c6bce6725074e2669798a278eeefb3,S173966952,4,4,4,1,False,True,1,0.25,4.5,0.042524049524217844,0.875,8,0.75,1.0,-0.25,-0.75,-0.75
EVAL_COHORT3_ABLATION_OOD_V1,a7d02b343a52468cbc33eb4f28669310,d09ace61fe5f1cb77da994936590e95c,S173962238,5,5,4,-1,False,True,1,0.6,5.8,0.006807846017181873,0.25,8,0.5,0.0,0.0,0.25,0.0
EVAL_COHORT3_ABLATION_OOD_V1,a7d02b343a52468cbc33eb4f28669310,f9220665ae78cc470855ea8bb5562e19,S173963106,4,4,4,-1,False,True,1,0.5,5.0,-0.04067334160208702,0.375,8,0.75,0.0,0.75,1.0,0.25
EVAL_COHORT3_ABLATION_OOD_V1,a976a6187d4b4bb6bb9b47704223c662,5b3a5e4910a38f7528dbd0c601c96212,S173969421,5,5,5,-1,False,False,0,1.0,5.6,-0.0879894345998764,0.25,8,0.5,0.0,1.0,1.2,0.0
EVAL_COHORT3_ABLATION_OOD_V1,a976a6187d4b4bb6bb9b47704223c662,c64fee496faa0eb8bcdd7aefb2824aee,S173962421,4,4,4,1,False,False,0,1.0,5.75,0.15882638841867447,0.75,8,0.75,0.75,0.0,-0.25,-0.5
EVAL_COHORT3_ABLATION_OOD_V1,a976a6187d4b4bb6bb9b47704223c662,e78356164aedb580452135daf8f23dfd,S173964607,5,5,5,-1,False,False,0,1.0,6.4,-0.05046183988451958,1.0,8,1.0,1.0,0.0,-0.2,-0.19999999999999996
EVAL_COHORT3_ABLATION_OOD_V1,ac414da953b2439c853ed008b61db291,25f4a14fc1a64301cfe9d20d960fe750,S173966583,5,5,5,1,False,False,0,1.0,6.2,0.1650630682706833,0.5,8,0.5,0.5,0.6,0.6,0.0
EVAL_COHORT3_ABLATION_OOD_V1,ac414da953b2439c853ed008b61db291,7629b65c34efaf905ffe88d4940963eb,S173967543,5,5,5,1,False,True,2,0.2,4.0,0.1512569636106491,0.375,8,0.5,0.25,0.6,1.2,0.39999999999999997
EVAL_COHORT3_ABLATION_OOD_V1,ac414da953b2439c853ed008b61db291,9d3ef12612a6ca6e62f441b6e073e407,S173965855,5,5,5,1,False,False,0,1.0,6.0,0.09594493359327316,0.25,8,0.25,0.25,0.4,0.6,0.0
EVAL_COHORT3_ABLATION_OOD_V1,ac584518bb694450b8a18717bf874a8a,9677d4304eb7fc2f58816eef8d790282,S173964070,5,5,5,1,False,True,1,0.6,5.0,-0.07868332415819168,1.0,8,1.0,1.0,-0.6,-0.8,-0.6
EVAL_COHORT3_ABLATION_OOD_V1,ac584518bb694450b8a18717bf874a8a,cb10faecccae5a4fb861eb4ae8d91988,S173961184,5,5,5,1,False,False,0,0.8,6.0,0.22669824957847595,0.0,8,0.0,0.0,0.4,0.8,0.19999999999999996
EVAL_COHORT3_ABLATION_OOD_V1,ac584518bb694450b8a18717bf874a8a,ec7a8648f3d2c93c977b09f34a45956f,S173969607,5,5,5,1,False,False,0,1.0,6.4,0.18234089016914368,0.0,8,0.0,0.0,0.4,0.4,0.0
EVAL_COHORT3_ABLATION_OOD_V1,ad9774fd8b994240a198c30c99d4733d,0f46af41d69ef9afb58f5eae102d5099,S173962263,4,4,4,1,True,True,2,0.0,3.25,0.03454902581870556,0.375,8,0.5,0.25,-0.5,-1.25,-0.75
EVAL_COHORT3_ABLATION_OOD_V1,ad9774fd8b994240a198c30c99d4733d,2b6702d4c5eae7574ac610d857be3b3c,S173970888,4,4,4,1,False,False,0,1.0,6.5,0.1289285235106945,0.625,8,0.75,0.5,-0.25,-0.25,0.0
EVAL_COHORT3_ABLATION_OOD_V1,ad9774fd8b994240a198c30c99d4733d,52b8386fec2633b2a4f9caca08fbd79f,S173970041,4,4,4,1,False,True,1,0.25,4.25,0.05258186347782612,0.75,8,0.5,1.0,0.25,0.0,-0.25
EVAL_COHORT3_ABLATION_OOD_V1,b0c9d11921774c578f963c837af9ddc4,4be253bc51f0b47563ce9eb0cf4156f0,S173960323,4,4,4,1,False,False,0,1.0,6.5,0.14208043739199638,0.75,8,0.5,1.0,-0.25,-1.0,-0.5
EVAL_COHORT3_ABLATION_OOD_V1,b0c9d11921774c578f963c837af9ddc4,d5a327316965a47db9945c9f06d91217,S173962371,4,4,4,1,False,False,0,1.0,6.25,0.22028886526823044,0.375,8,0.5,0.25,0.25,0.25,0.0
EVAL_COHORT3_ABLATION_OOD_V1,b0c9d11921774c578f963c837af9ddc4,e8f55e6379921e9c2f422866dad00f5e,S173969635,4,4,4,1,False,True,1,0.5,4.5,0.038579367101192474,1.0,8,1.0,1.0,0.0,0.0,0.0
EVAL_COHORT3_ABLATION_OOD_V1,b2a6911760c64b5e88b56a5f1768be3e,26eb794f2ace74fa275d2b7457d69162,S173962726,5,5,5,1,False,False,0,0.8,5.6,0.14221476018428802,1.0,8,1.0,1.0,0.4,0.8,0.19999999999999996
EVAL_COHORT3_ABLATION_OOD_V1,b2a6911760c64b5e88b56a5f1768be3e,aa1bca3ddb082a8e948d3f248d93e959,S173967668,4,4,4,1,False,True,1,0.5,4.75,0.07552694156765938,0.875,8,0.75,1.0,0.75,1.0,0.0
EVAL_COHORT3_ABLATION_OOD_V1,b2a6911760c64b5e88b56a5f1768be3e,e140284016c715fb510841a8a051a1ae,S173960250,5,5,5,1,False,False,0,0.6,5.2,-0.02169986069202423,0.25,8,0.25,0.25,-0.4,-1.0,-0.8
EVAL_COHORT3_ABLATION_OOD_V1,b2fbe35981ba4785b925b1e932b5907b,5d8e6a47394e6150eb2f82a11f491700,S173965326,5,5,5,-1,False,False,0,0.8,5.6,-0.045223042368888855,0.5,8,0.5,0.5,0.0,0.0,-0.20000000000000007
EVAL_COHORT3_ABLATION_OOD_V1,b2fbe35981ba4785b925b1e932b5907b,b789365a4f8156fa4014f1117b3d4def,S173961172,5,5,5,1,False,True,1,0.6,5.4,0.03016304224729538,1.0,8,1.0,1.0,0.4,0.8,0.4
EVAL_COHORT3_ABLATION_OOD_V1,b2fbe35981ba4785b925b1e932b5907b,bed3bf10dce7fe6bac36b3f9bb538d4b,S173963472,5,5,5,-1,False,False,0,0.6,5.0,-0.08205834031105042,0.375,8,0.5,0.25,0.6,0.8,0.20000000000000007
EVAL_COHORT3_ABLATION_OOD_V1,b436f8a9fd1141e683f2c5bbff1fd7aa,6984c9efaaa472fa2d6a30b528204d89,S173971065,5,5,5,-1,False,True,1,0.6,5.2,0.021687066182494164,0.375,8,0.75,0.0,0.6,1.0,0.0
EVAL_COHORT3_ABLATION_OOD_V1,b436f8a9fd1141e683f2c5bbff1fd7aa,8ae3bb87ce9ed7bb47d759fa26919d70,S173968132,4,4,4,-1,False,False,0,0.5,4.75,-0.02889238204807043,0.25,8,0.5,0.0,0.25,0.25,0.0
EVAL_COHORT3_ABLATION_OOD_V1,b436f8a9fd1141e683f2c5bbff1fd7aa,effd4c00f19df7f60921e3a0930849e9,S173968409,5,5,5,-1,False,False,0,1.0,6.6,-0.014257529750466347,0.875,8,1.0,0.75,0.2,0.0,0.0
EVAL_COHORT3_ABLATION_OOD_V1,b88c7c5e66954959bbf408450335310d,c74428bfda9ce509a5fba124a1729a7e,S173960683,5,5,5,1,False,True,2,0.2,4.6,0.12177931517362595,0.625,8,0.75,0.5,0.4,0.8,0.39999999999999997
EVAL_COHORT3_ABLATION_OOD_V1,b88c7c5e66954959bbf408450335310d,e03287e70228310aefa6d2fea7d1ffff,S173965409,5,5,5,-1,False,True,1,0.4,4.6,-0.08267106115818024,0.875,8,1.0,0.75,0.6,1.2,0.19999999999999996
EVAL_COHORT3_ABLATION_OOD_V1,b88c7c5e66954959bbf408450335310d,ebfc97c3013ecdc1f5cec688d80052ab,S173967292,5,5,5,-1,False,True,1,0.2,4.4,0.049963127821683884,0.25,8,0.25,0.25,0.2,0.2,-0.2
EVAL_COHORT3_ABLATION_OOD_V1,bb2a2db5e7f44f13baf9ed91a78daaf8,33222d50bcda9a6b5f99bc751861c205,S173968117,5,5,5,-1,False,True,1,0.6,5.6,0.000657893717288971,0.125,8,0.25,0.0,0.0,0.0,0.0
EVAL_COHORT3_ABLATION_OOD_V1,bb2a2db5e7f44f13baf9ed91a78daaf8,877e698d7d3f1c34f7d8ad7e5d31cd47,S173969449,5,5,5,1,False,True,1,0.4,5.2,0.12033767998218536,0.25,8,0.5,0.0,0.4,0.8,0.6
EVAL_COHORT3_ABLATION_OOD_V1,bb2a2db5e7f44f13baf9ed91a78daaf8,f18d7691d0888b2bee4f584b4817885d,S173961361,5,5,5,1,True,True,2,0.0,4.2,-0.0836184099316597,1.0,8,1.0,1.0,-0.2,-0.4,0.2
EVAL_COHORT3_ABLATION_OOD_V1,c1b7ecd0f7e9410696081f73290afe5b,23221da2e24d735261b10a43c5d8678d,S173965505,5,5,5,1,False,False,0,1.0,6.2,0.14101642370224,1.0,8,1.0,1.0,0.2,0.2,0.0
EVAL_COHORT3_ABLATION_OOD_V1,c1b7ecd0f7e9410696081f73290afe5b,6a0c45327becfe4556b9d4e703f5cae9,S173967516,5,5,5,1,False,False,0,1.0,7.0,0.04341777786612511,0.875,8,1.0,0.75,0.0,0.0,0.0
EVAL_COHORT3_ABLATION_OOD_V1,c1b7ecd0f7e9410696081f73290afe5b,8a3c68bdbab96db537e6f56728e2e7c7,S173961184,5,5,5,1,False,False,0,0.8,5.8,0.15869680047035217,0.875,8,1.0,0.75,0.6,1.0,0.19999999999999996
EVAL_COHORT3_ABLATION_OOD_V1,c3de4427b3a0435892c95fb36f292ca6,053fcdfd622bf1e65594743ca547e6ca,S173969408,5,5,5,-1,False,False,0,1.0,6.2,-0.08015240728855133,0.125,8,0.25,0.0,0.0,0.0,0.0
EVAL_COHORT3_ABLATION_OOD_V1,c3de4427b3a0435892c95fb36f292ca6,e87be9264b3840cc74b7665d9a31803e,S173970245,5,5,5,-1,False,True,1,0.4,4.8,0.0406840518116951,1.0,8,1.0,1.0,-0.2,-1.0,-0.8
EVAL_COHORT3_ABLATION_OOD_V1,c3de4427b3a0435892c95fb36f292ca6,fbf5a01fe323c4a3214db4a8a58c038c,S173962012,5,5,5,1,False,True,1,0.4,4.8,0.04831508919596672,1.0,8,1.0,1.0,0.4,0.6,0.19999999999999996
EVAL_COHORT3_ABLATION_OOD_V1,c409a6630dc24a3aaffe14fd0f9c836b,22e8e47915cdd051939b7956ce05fd3f,S173970887,5,5,5,-1,False,True,1,0.4,4.8,0.024007447063922882,0.625,8,0.5,0.75,0.8,1.8,0.6
EVAL_COHORT3_ABLATION_OOD_V1,c409a6630dc24a3aaffe14fd0f9c836b,588c275c634696dc984fa685ce9a23db,S173964162,5,5,5,1,False,False,0,0.8,5.6,0.0369473397731781,1.0,8,1.0,1.0,-0.2,-0.2,-0.20000000000000007
EVAL_COHORT3_ABLATION_OOD_V1,c409a6630dc24a3aaffe14fd0f9c836b,8454147fb11f361c5958a5b15f46c3c2,S173965884,5,5,5,-1,False,True,1,0.4,4.8,0.032394424080848694,0.5,8,0.25,0.75,0.0,-0.2,-0.2
EVAL_COHORT3_ABLATION_OOD_V1,c72c67079bb14689bf4edb664f5fe6e5,022c1a2385a7ae09afa1b3343182d716,S173963469,5,5,5,1,False,False,0,1.0,6.0,0.16500639915466309,0.25,8,0.25,0.25,0.4,0.4,0.0
EVAL_COHORT3_ABLATION_OOD_V1,c72c67079bb14689bf4edb664f5fe6e5,707019ef816e06736040cba88c3023df,S173963132,5,5,5,1,False,False,0,1.0,6.2,0.13366618752479553,0.0,8,0.0,0.0,0.0,0.0,0.0
EVAL_COHORT3_ABLATION_OOD_V1,c72c67079bb14689bf4edb664f5fe6e5,e240b6f0e9ebcd917ead5f0c12abbf8c,S173962979,5,5,5,1,False,False,0,1.0,6.2,0.08753254264593124,0.5,8,0.75,0.25,0.0,-0.2,-0.4
EVAL_COHORT3_ABLATION_OOD_V1,c731c15648094b71aa13bd0437c367c1,3f40b3e4d12f7a12d51ab82750c4195a,S173964112,4,4,4,1,True,True,2,0.0,3.75,0.014233857858926058,1.0,8,1.0,1.0,-0.75,-1.0,-0.75
EVAL_COHORT3_ABLATION_OOD_V1,c731c15648094b71aa13bd0437c367c1,8cec1ff1be44be20969e27250de94d2e,S173967813,5,5,4,-1,False,True,1,0.6,6.0,-0.16337791085243225,0.0,8,0.0,0.0,0.25,0.5,0.5
EVAL_COHORT3_ABLATION_OOD_V1,c731c15648094b71aa13bd0437c367c1,aadf5bf08c7829a2a3e0d93cf6790818,S173966716,4,4,4,1,False,True,1,0.25,4.0,0.10811945423483849,0.875,8,0.75,1.0,0.25,0.25,0.25
EVAL_COHORT3_ABLATION_OOD_V1,c9ea448ff04345a58d272ce39a6d9335,113a64b51ca9e3aa76e7e8cd8bc6df11,S173961170,4,4,4,-1,False,False,0,1.0,7.0,-0.003784382715821266,0.75,8,0.75,0.75,-0.25,-0.75,-0.25
EVAL_COHORT3_ABLATION_OOD_V1,c9ea448ff04345a58d272ce39a6d9335,7f0ea60feec6b00b0ea755915a8199bf,S173965299,5,5,4,1,False,True,2,0.2,4.2,0.1756056249141693,0.0,8,0.0,0.0,0.0,0.0,0.0
EVAL_COHORT3_ABLATION_OOD_V1,c9ea448ff04345a58d272ce39a6d9335,8a067b603ba8ddb61783d58af0b3a092,S173970105,4,4,4,1,False,False,0,1.0,6.5,0.1462257280945778,0.375,8,0.75,0.0,0.0,0.0,0.0
EVAL_COHORT3_ABLATION_OOD_V1,cb6f61c1987949e090c6b3b0c2e4c3a4,d134ce268316f627404f3c7ccf584809,S173963394,4,4,4,1,True,True,2,0.0,3.5,0.036130666732788086,0.875,8,0.75,1.0,1.0,1.0,0.0
EVAL_COHORT3_ABLATION_OOD_V1,cb6f61c1987949e090c6b3b0c2e4c3a4,df0b5d324cbc36cd05b5da17ac1a9bd5,S173961332,4,4,4,1,False,False,0,1.0,6.5,0.20462162047624588,0.25,8,0.5,0.0,0.0,0.0,0.0
EVAL_COHORT3_ABLATION_OOD_V1,cb6f61c1987949e090c6b3b0c2e4c3a4,f4a2b09a7f6a6591c069c7686e6ae6dc,S173967389,4,4,4,1,False,False,0,1.0,6.25,0.11005973070859909,0.75,8,0.5,1.0,0.0,0.0,0.0
EVAL_COHORT3_ABLATION_OOD_V1,d40ccd484ba845b9bcf516c0ab91a854,207b8bd6ed6bd5f9415f53c1fe12039d,S173965700,5,5,5,-1,False,False,0,0.8,6.2,-0.009754947386682034,0.875,8,0.75,1.0,0.4,0.4,0.19999999999999996
EVAL_COHORT3_ABLATION_OOD_V1,d40ccd484ba845b9bcf516c0ab91a854,283284f45f146d000833af71741af32e,S173962726,5,5,5,1,False,False,0,1.0,6.6,0.1974838376045227,0.375,8,0.75,0.0,0.2,0.2,0.0
EVAL_COHORT3_ABLATION_OOD_V1,d40ccd484ba845b9bcf516c0ab91a854,6d6c743fdc21454e165cb37a41cbff64,S173966937,5,5,5,1,True,True,2,0.0,4.2,0.1245814710855484,0.5,8,0.75,0.25,0.8,1.6,1.0
EVAL_COHORT3_ABLATION_OOD_V1,d5102ce769284882a6cc9e71c7c654e1,23e0d8fd40e8a9fa7f66b1c2c62e7783,S173968536,4,4,4,1,False,True,1,0.5,4.5,0.008321359753608704,0.125,8,0.0,0.25,0.0,-0.75,-0.5
EVAL_COHORT3_ABLATION_OOD_V1,d5102ce769284882a6cc9e71c7c654e1,7737a5537edeb47fa7f2b69af9dde70d,S173965215,4,4,4,1,True,True,1,0.0,4.5,-0.1006695032119751,0.75,8,0.5,1.0,0.25,0.75,0.5
EVAL_COHORT3_ABLATION_OOD_V1,d5102ce769284882a6cc9e71c7c654e1,ea9566d344ed27eb52d90c90eebd8e7b,S173962175,4,4,4,1,False,True,1,0.5,4.5,0.0804703738540411,0.25,8,0.5,0.0,0.5,1.0,0.0
EVAL_COHORT3_ABLATION_OOD_V1,d622d523bb9e461f84bce3ba08ce4d16,5ad18e3235ec2a42f035e3af2a018336,S173968778,4,4,4,1,False,True,1,0.5,4.75,0.16917502880096436,0.125,8,0.25,0.0,0.5,0.5,0.0
EVAL_COHORT3_ABLATION_OOD_V1,d622d523bb9e461f84bce3ba08ce4d16,905424361b602f2b0ef41be50e6f26b0,S173966431,4,4,4,-1,False,False,0,1.0,7.0,-0.07496502622961998,0.0,8,0.0,0.0,-0.25,-1.25,-0.5
EVAL_COHORT3_ABLATION_OOD_V1,d622d523bb9e461f84bce3ba08ce4d16,aaf1e43aaa5b3aa23deeae1326d5739f,S173961603,4,4,4,1,False,False,0,1.0,6.75,0.12883912026882172,0.25,8,0.25,0.25,0.25,0.25,0.0
EVAL_COHORT3_ABLATION_OOD_V1,d86c097b839b4b03b8e7bfc6c68cea94,4eac044cfc5fc5376adcca77f39111e4,S173969674,5,5,5,1,False,True,2,0.2,4.8,-0.027014052495360374,0.375,8,0.25,0.5,-0.4,-1.0,-0.4
EVAL_COHORT3_ABLATION_OOD_V1,d86c097b839b4b03b8e7bfc6c68cea94,8db8c75e01972c31296de700350b1905,S173970027,5,5,5,1,False,False,0,1.0,5.8,0.0011056959629058838,1.0,8,1.0,1.0,-0.4,-1.2,-0.8
EVAL_COHORT3_ABLATION_OOD_V1,d86c097b839b4b03b8e7bfc6c68cea94,931ead4ac6bad324cac3e1b6ead8d94c,S173966212,5,5,5,-1,False,False,0,0.8,5.2,-0.12494013458490372,0.375,8,0.5,0.25,0.6,0.6,0.19999999999999996
EVAL_COHORT3_ABLATION_OOD_V1,d8dda76c54114245aaf8e1e7efe25ef3,461b547d11cbdafc9dee69fc9e4501cf,S173967813,5,5,5,-1,False,True,1,0.6,5.6,0.00968356803059578,0.875,8,1.0,0.75,-0.6,-0.8,-0.39999999999999997
EVAL_COHORT3_ABLATION_OOD_V1,d8dda76c54114245aaf8e1e7efe25ef3,ea613394a24dc2ba2fbaedaaf86d5057,S173962841,4,4,4,-1,False,True,1,0.5,4.75,-0.11261987313628197,0.875,8,0.75,1.0,1.0,1.75,0.5
EVAL_COHORT3_ABLATION_OOD_V1,d8dda76c54114245aaf8e1e7efe25ef3,fa705d4b199038b18df9606d0625d470,S173964905,5,5,5,-1,False,True,1,0.4,4.4,0.022786632180213928,0.125,8,0.25,0.0,-0.4,-1.0,-0.6000000000000001
EVAL_COHORT3_ABLATION_OOD_V1,d8f72fb394534650bdae0ae44f608cd5,d1883d5f67f477ebc58b9ce92327d0ff,S173962084,4,4,4,-1,False,False,0,1.0,6.75,-0.018659938126802444,1.0,8,1.0,1.0,-0.25,-1.0,-0.5
EVAL_COHORT3_ABLATION_OOD_V1,d8f72fb394534650bdae0ae44f608cd5,f26c6d83e26b55b50ebcefc07811774a,S173961117,5,5,4,-1,False,False,0,1.0,6.6,-0.01978154480457306,0.875,8,1.0,0.75,0.25,0.25,0.0
EVAL_COHORT3_ABLATION_OOD_V1,d8f72fb394534650bdae0ae44f608cd5,f43ab75e845a7702b6239cd3e47305b2,S173960683,4,4,4,1,False,True,1,0.5,5.0,0.0873136818408966,1.0,8,1.0,1.0,-0.25,-0.25,-0.25
EVAL_COHORT3_ABLATION_OOD_V1,dbcfe340e6ca42fea7bfd6cadf7b99c8,a7e858e9141770f7e1f136aedd6b7923,S173963874,5,5,5,-1,False,True,2,0.2,4.4,-0.023955747485160828,0.875,8,0.75,1.0,-0.4,-0.2,0.0
EVAL_COHORT3_ABLATION_OOD_V1,dbcfe340e6ca42fea7bfd6cadf7b99c8,e347293bd4b7bc5fb37437479174a372,S173967485,5,5,5,-1,False,True,1,0.2,4.2,0.08101904392242432,0.125,8,0.25,0.0,-0.2,-0.2,0.0
EVAL_COHORT3_ABLATION_OOD_V1,dbcfe340e6ca42fea7bfd6cadf7b99c8,ec43b8ff84714626483147c26f9e3c3e,S173970748,5,5,5,1,False,True,1,0.4,4.8,0.08552765846252441,0.875,8,0.75,1.0,0.0,0.4,0.19999999999999996
EVAL_COHORT3_ABLATION_OOD_V1,e3f2fd27614840aca1f607d672edde2c,0cf46f9d3058da865882a9e00587071c,S173965744,4,4,4,1,True,True,1,0.0,4.0,0.007791471667587757,0.875,8,0.75,1.0,-0.5,-0.75,-0.25
EVAL_COHORT3_ABLATION_OOD_V1,e3f2fd27614840aca1f607d672edde2c,1976620bdc9fc6e065326f2afb78bb45,S173965561,4,4,4,1,False,False,0,1.0,6.5,0.07009384967386723,0.625,8,0.5,0.75,-0.25,-0.25,0.0
EVAL_COHORT3_ABLATION_OOD_V1,e3f2fd27614840aca1f607d672edde2c,a49ea0232b004603f1f27a394f4d9615,S173967948,5,5,4,-1,False,False,0,1.0,5.6,-0.04266080632805824,0.125,8,0.25,0.0,0.0,0.0,0.0
EVAL_COHORT3_ABLATION_OOD_V1,e45eeaed04aa43e38cf64bc2b8fcbe44,3882c9727fc6f2da683e808c9bfda9b1,S173964218,5,5,5,1,True,True,2,0.0,4.0,0.03997677564620972,0.0,8,0.0,0.0,-0.8,-2.0,-0.8
EVAL_COHORT3_ABLATION_OOD_V1,e45eeaed04aa43e38cf64bc2b8fcbe44,40efed080b64c23da80ba5b42f289a38,S173967203,5,5,5,1,False,True,2,0.2,4.4,-0.00881999358534813,0.875,8,0.75,1.0,-0.4,-1.0,-0.4
EVAL_COHORT3_ABLATION_OOD_V1,e45eeaed04aa43e38cf64bc2b8fcbe44,61be122c561f03a0b9e5be1eb2c69d42,S173963469,5,5,5,1,False,False,0,1.0,6.0,0.1715809404850006,0.125,8,0.25,0.0,0.2,0.2,0.0
EVAL_COHORT3_ABLATION_OOD_V1,e5f1b18fc6cb42e3a79911a85797b482,7c3435f68b387923f2519a36b7a7ef5b,S173970714,5,5,5,1,False,True,1,0.6,5.8,-0.053988266736269,0.625,8,0.25,1.0,0.2,0.2,0.0
EVAL_COHORT3_ABLATION_OOD_V1,e5f1b18fc6cb42e3a79911a85797b482,c7bf578f314f0ba328bcb4ff3f95b8db,S173964538,5,5,5,-1,False,False,0,1.0,6.6,-0.0031493650749325752,0.875,8,0.75,1.0,0.2,0.2,0.0
EVAL_COHORT3_ABLATION_OOD_V1,e5f1b18fc6cb42e3a79911a85797b482,f9f8e0645c2c0789a96b8c079f7007b8,S173969672,5,5,5,1,False,True,1,0.4,4.6,0.12130152434110641,0.25,8,0.5,0.0,0.6,0.8,0.4
EVAL_COHORT3_ABLATION_OOD_V1,eb231fe7d6034f85b4ad7f622d4adb99,61a431a26d638db4e3528e8272eec703,S173964943,5,5,5,-1,False,True,2,0.2,4.0,0.014579039067029953,1.0,8,1.0,1.0,0.8,2.2,0.8
EVAL_COHORT3_ABLATION_OOD_V1,eb231fe7d6034f85b4ad7f622d4adb99,87a85b09bff7ef4f91e4ff70f7f519a7,S173968722,5,5,5,-1,False,True,1,0.2,4.8,0.019693683832883835,0.625,8,0.25,1.0,-0.4,-1.0,-0.4
EVAL_COHORT3_ABLATION_OOD_V1,eb231fe7d6034f85b4ad7f622d4adb99,d4e31d21582f1043695b84f51ff6afc2,S173967352,5,5,5,-1,False,True,1,0.4,5.4,-0.01210043951869011,1.0,8,1.0,1.0,-0.2,-0.2,-0.2
EVAL_COHORT3_ABLATION_OOD_V1,ee433892affb423cbfe622125c963f00,6ef21c5e3d53ef0ae9bcd87dc2fdff21,S173967563,5,5,5,1,False,False,0,1.0,6.4,0.06302142143249512,0.75,8,1.0,0.5,-0.2,-0.2,0.0
EVAL_COHORT3_ABLATION_OOD_V1,ee433892affb423cbfe622125c963f00,bdd09cfb0324c2110a44753f01a14d11,S173966078,5,5,5,-1,False,True,1,0.6,6.0,-0.08510460704565048,0.875,8,0.75,1.0,-0.2,-0.2,0.0
EVAL_COHORT3_ABLATION_OOD_V1,ee433892affb423cbfe622125c963f00,d1686c9c316049fa4edfb7e6cba31907,S173969667,5,5,5,1,False,True,1,0.2,4.6,-0.10354486107826233,0.25,8,0.25,0.25,0.0,0.0,0.0
EVAL_COHORT3_ABLATION_OOD_V1,f3eb4a5206f84fd5ae7525c2abbca3dd,1df6d92fb6727a0ccff7070f76b980fa,S173969724,5,5,5,1,False,False,0,1.0,6.6,0.12589222192764282,0.625,8,0.5,0.75,-0.2,-0.2,0.0
EVAL_COHORT3_ABLATION_OOD_V1,f3eb4a5206f84fd5ae7525c2abbca3dd,4d68c277f029fe017472bbb54f964a1c,S173969187,5,5,5,1,True,True,1,0.0,4.2,0.06039978936314583,1.0,8,1.0,1.0,0.4,0.6,0.4
EVAL_COHORT3_ABLATION_OOD_V1,f3eb4a5206f84fd5ae7525c2abbca3dd,fd61cd5ec0150ff9454184ebd0702abe,S173970202,5,5,5,1,False,False,0,0.8,4.8,0.040668219327926636,1.0,8,1.0,1.0,-0.4,-0.4,-0.6000000000000001
EVAL_COHORT3_ABLATION_OOD_V1,f7a4ea2c632d41818e28241f5a512219,0b213d25bdbb28f29a7831ecd8597b27,S173970895,5,4,3,1,True,True,2,0.0,3.5,-0.05488332360982895,0.875,8,1.0,0.75,0.3333333333333333,0.3333333333333333,0.0
EVAL_COHORT3_ABLATION_OOD_V1,f7a4ea2c632d41818e28241f5a512219,0b55c190df413717b464e58e6debefb5,S173968281,5,4,3,-1,False,True,1,0.5,5.25,0.04126390069723129,0.625,8,0.5,0.75,-0.6666666666666666,-2.6666666666666665,-1.3333333333333333
EVAL_COHORT3_ABLATION_OOD_V1,f7a4ea2c632d41818e28241f5a512219,c241cc95adc899fddc3d912ef8c8ddf2,S173966908,5,4,3,-1,False,True,1,0.25,5.25,0.15320280194282532,1.0,8,1.0,1.0,0.0,0.0,0.0
EVAL_COHORT3_ABLATION_OOD_V1,f943aa31a40145a8bb9682888c839707,5d6e753df6ba7351d6c90642b860ee5f,S173967581,5,5,5,1,False,True,1,0.6,4.8,0.10504624247550964,1.0,8,1.0,1.0,0.6,0.6,0.0
EVAL_COHORT3_ABLATION_OOD_V1,f943aa31a40145a8bb9682888c839707,91830973fc22f1f7c257dadbc783df76,S173968760,5,5,5,1,False,True,1,0.4,5.0,-0.0703127458691597,1.0,8,1.0,1.0,-0.6,-0.6,-0.2
EVAL_COHORT3_ABLATION_OOD_V1,f943aa31a40145a8bb9682888c839707,baaccd6e79acee9570a3ed8ea0e58431,S173965180,5,5,5,-1,False,True,2,0.2,4.4,-0.010980399325489998,0.125,8,0.25,0.0,0.0,0.2,0.0
EVAL_COHORT3_ABLATION_OOD_V1,f9b0ab67c9734ca5afd9e69228cf1ae8,a411c9ebe8c6c405d7f26c1a08f7d4d8,S173963034,5,5,5,-1,False,True,1,0.6,5.8,-0.03744825720787048,0.75,8,0.75,0.75,0.0,0.0,0.0
EVAL_COHORT3_ABLATION_OOD_V1,f9b0ab67c9734ca5afd9e69228cf1ae8,f10a2d47146d557738d1d00f653dd6fe,S173966066,5,5,5,1,False,False,0,0.8,6.0,0.08888185769319534,0.5,8,0.5,0.5,0.0,0.0,-0.20000000000000007
EVAL_COHORT3_ABLATION_OOD_V1,f9b0ab67c9734ca5afd9e69228cf1ae8,f5ef09a23994530878d40a6e347fb0ac,S173969577,5,5,5,1,False,True,1,0.4,4.4,0.13540951907634735,0.75,8,0.75,0.75,0.2,0.2,0.19999999999999996
EVAL_COHORT3_ABLATION_OOD_V1,fac1777f1f3044d0a38228f61c657235,1172faab499a2360f201624bf5f55bd5,S173968722,5,5,5,1,False,True,1,0.2,4.6,-0.0265230443328619,0.625,8,0.75,0.5,-0.4,-0.8,-0.4
EVAL_COHORT3_ABLATION_OOD_V1,fac1777f1f3044d0a38228f61c657235,baf79a3846da9fd1682db91e143b42cf,S173963960,5,5,5,1,False,True,1,0.6,5.6,0.09507986158132553,0.25,8,0.5,0.0,0.4,1.4,0.4
EVAL_COHORT3_ABLATION_OOD_V1,fac1777f1f3044d0a38228f61c657235,db593a7f4db8f72259a22ce8da67239b,S173963711,5,5,5,-1,False,False,0,1.0,5.6,-0.06690344214439392,0.125,8,0.25,0.0,0.8,1.0,0.0
EVAL_COHORT3_ABLATION_OOD_V1,fc705eaeb6474911875929107b209920,0c42018a8ba60a963ccdc15556338393,S173962907,5,5,5,1,False,True,1,0.6,4.6,0.059176601469516754,0.25,8,0.5,0.0,0.2,0.2,0.0
EVAL_COHORT3_ABLATION_OOD_V1,fc705eaeb6474911875929107b209920,57751ac57a0f992370f36a5c77ad44d1,S173965239,5,5,5,-1,False,True,1,0.6,4.8,0.005895625799894333,0.0,8,0.0,0.0,-0.8,-1.2,-1.0
EVAL_COHORT3_ABLATION_OOD_V1,fc705eaeb6474911875929107b209920,a42c97dd83084ae990360d0250f8f829,S173964915,5,5,5,1,False,True,1,0.4,4.6,0.17075343430042267,0.25,8,0.5,0.0,0.8,1.0,0.19999999999999996
EVAL_COHORT3_ABLATION_OOD_V1,fe7ace589e6c4e7fa6eb8dd892dfc740,332a1bbaaf86b5f61be06a356553320e,S173969941,5,5,4,1,False,True,2,0.2,4.6,0.07226336747407913,0.125,8,0.25,0.0,0.25,0.25,0.0
EVAL_COHORT3_ABLATION_OOD_V1,fe7ace589e6c4e7fa6eb8dd892dfc740,950e83546a01d738d633fc511ec7807a,S173966965,4,4,4,-1,False,False,0,0.75,5.75,0.0013240925036370754,0.5,8,0.25,0.75,0.25,0.25,0.0
EVAL_COHORT3_ABLATION_OOD_V1,fe7ace589e6c4e7fa6eb8dd892dfc740,a556eccb61452bc38d5e8757052845df,S173970266,4,4,4,1,False,False,0,1.0,5.75,0.05591384693980217,0.75,8,0.75,0.75,0.0,0.0,0.0
